club_code,club_name,season,division,league_position,puntos,partidos_jugados,goles_favor,goles_contra,valor_plantel,mean_plantel,nationality
27062,KF Erzeni,2023,Primera categoría,9.0,32.0,36.0,29.0,57.0,3930000.0,98000.0,Albania
15,Bayer 04 Leverkusen,2020,Primera categoría,6.0,52.0,34.0,53.0,39.0,373250000.0,11310000.0,Alemania
24,Eintracht Fráncfort​​,2020,Primera categoría,5.0,60.0,34.0,69.0,53.0,269150000.0,7480000.0,Alemania
33,FC Schalke 04,2023,Segunda categoría,10.0,43.0,34.0,53.0,60.0,37700000.0,967000.0,Alemania
44,Hertha Berlín,2021,Primera categoría,16.0,33.0,34.0,37.0,71.0,155780000.0,3460000.0,Alemania
44,Hertha Berlín,2022,Primera categoría,18.0,29.0,34.0,42.0,69.0,94000000.0,2290000.0,Alemania
86,SV Werder Bremen,2022,Primera categoría,13.0,36.0,34.0,51.0,64.0,89500000.0,2710000.0,Alemania
18544,Al-Nassr FC,2022,Primera categoría,2.0,67.0,30.0,63.0,18.0,78340000.0,2120000.0,Arabia Saudita
26069,Al-Qadsiah FC,2023,Segunda categoría,1.0,73.0,34.0,64.0,29.0,16250000.0,464000.0,Arabia Saudita
28597,Al-Batin FC,2021,Primera categoría,13.0,33.0,30.0,31.0,41.0,9300000.0,211000.0,Arabia Saudita
28597,Al-Batin FC,2022,Primera categoría,16.0,20.0,30.0,27.0,63.0,7780000.0,190000.0,Arabia Saudita
28597,Al-Batin FC,2023,Segunda categoría,7.0,51.0,34.0,46.0,41.0,4630000.0,136000.0,Arabia Saudita
32328,Al-Najma SC,2022,,,,,,,25000.0,2000.0,Arabia Saudita
9840,Al-Shabab FC,2022,Primera categoría,4.0,56.0,30.0,57.0,33.0,42200000.0,1240000.0,Arabia Saudita
10233,AMSD Atlético de Rafaela,2020,,,,,,,8300000.000000001,180000.0,Argentina
10233,AMSD Atlético de Rafaela,2021,Segunda categoría,17.0,0.0,0.0,0.0,0.0,6030000.0,131000.0,Argentina
10233,AMSD Atlético de Rafaela,2022,Segunda categoría,29.0,38.0,36.0,40.0,43.0,4950000.0,138000.0,Argentina
10233,AMSD Atlético de Rafaela,2023,Segunda categoría,5.0,53.0,34.0,38.0,31.0,4250000.0,121000.0,Argentina
1029,CA Vélez Sarsfield,2020,Primera categoría,3.0,39.0,23.0,27.0,14.0,91250000.0,1750000.0,Argentina
1029,CA Vélez Sarsfield,2021,Primera categoría,5.0,39.0,25.0,34.0,21.0,77880000.0,1770000.0,Argentina
1029,CA Vélez Sarsfield,2022,Primera categoría,26.0,28.0,27.0,30.0,33.0,36330000.0,845000.0,Argentina
1029,CA Vélez Sarsfield,2023,Primera categoría,25.0,27.0,27.0,24.0,27.0,51150000.0,1350000.0,Argentina
1029,Vélez Sarsfield,2024,Primera categoría,1.0,51.0,27.0,38.0,16.0,58650000.0,2090000.0,Argentina
1030,AA Argentinos Juniors,2020,Primera categoría,5.0,39.0,23.0,22.0,17.0,44050000.0,831000.0,Argentina
1030,AA Argentinos Juniors,2021,Primera categoría,14.0,32.0,25.0,26.0,25.0,40950000.0,910000.0,Argentina
1030,AA Argentinos Juniors,2022,Primera categoría,8.0,42.0,27.0,33.0,24.0,26530000.0,717000.0,Argentina
1030,AA Argentinos Juniors,2023,Primera categoría,10.0,40.0,27.0,31.0,22.0,18650000.0,491000.0,Argentina
1030,Arg Juniors,2024,Primera categoría,23.0,30.0,27.0,22.0,28.0,31780000.0,1030000.0,Argentina
10403,CA Racing (Córdoba),2022,,,,,,,700000.0,23000.0,Argentina
10403,CA Racing (Córdoba),2023,Segunda categoría,12.0,41.0,34.0,44.0,43.0,1180000.0,33000.0,Argentina
10511,CA San Martín (San Juan),2020,,,,,,,7900000.0,161000.0,Argentina
10511,CA San Martín (San Juan),2021,Segunda categoría,4.0,3.0,1.0,1.0,0.0,4200000.0,105000.0,Argentina
10511,CA San Martín (San Juan),2022,Segunda categoría,14.0,51.0,36.0,50.0,42.0,3450000.0,105000.0,Argentina
10511,CA San Martín (San Juan),2023,Segunda categoría,7.0,53.0,36.0,44.0,38.0,3330000.0,104000.0,Argentina
10534,CA Nueva Chicago,2020,,,,,,,4530000.0,103000.0,Argentina
10534,CA Nueva Chicago,2021,Segunda categoría,33.0,0.0,1.0,0.0,1.0,6100000.0,107000.0,Argentina
10534,CA Nueva Chicago,2022,Segunda categoría,34.0,32.0,36.0,33.0,48.0,2580000.0,59000.0,Argentina
10534,CA Nueva Chicago,2023,Segunda categoría,11.0,52.0,36.0,34.0,25.0,2080000.0,48000.0,Argentina
1070,CA Colón,2020,Primera categoría,23.0,18.0,23.0,17.0,39.0,49050000.0,981000.0,Argentina
1070,CA Colón,2021,Primera categoría,7.0,39.0,25.0,26.0,31.0,36300000.0,1040000.0,Argentina
1070,CA Colón,2022,Primera categoría,25.0,29.0,27.0,24.0,36.0,27030000.0,563000.0,Argentina
1070,CA Colón,2023,Primera categoría,27.0,25.0,27.0,20.0,33.0,49630000.0,1130000.0,Argentina
10885,CA Gimnasia y Esgrima (Jujuy),2020,,,,,,,3800000.0,123000.0,Argentina
10885,CA Gimnasia y Esgrima (Jujuy),2021,Segunda categoría,34.0,0.0,1.0,0.0,1.0,4750000.0,119000.0,Argentina
10885,CA Gimnasia y Esgrima (Jujuy),2022,Segunda categoría,23.0,44.0,36.0,38.0,50.0,1780000.0,46000.0,Argentina
10885,CA Gimnasia y Esgrima (Jujuy),2023,Segunda categoría,10.0,44.0,34.0,36.0,40.0,3640000.0,101000.0,Argentina
1106,Club de Gimnasia y Esgrima La Plata,2020,Primera categoría,19.0,23.0,23.0,22.0,23.0,24400000.0,414000.0,Argentina
1106,Club de Gimnasia y Esgrima La Plata,2021,Primera categoría,11.0,36.0,25.0,27.0,28.0,16000000.0,327000.0,Argentina
1106,Club de Gimnasia y Esgrima La Plata,2022,Primera categoría,9.0,41.0,27.0,26.0,18.0,12430000.0,336000.0,Argentina
1106,Club de Gimnasia y Esgrima La Plata,2023,Primera categoría,22.0,30.0,27.0,24.0,38.0,12150000.0,270000.0,Argentina
1106,Gimnasia–LP,2024,Primera categoría,19.0,32.0,27.0,21.0,23.0,16050000.0,594000.0,Argentina
11831,CA Tigre,2020,,,,,,,17600000.0,284000.0,Argentina
11831,CA Tigre,2021,Segunda categoría,18.0,0.0,0.0,0.0,0.0,15930000.0,362000.0,Argentina
11831,CA Tigre,2022,Primera categoría,7.0,43.0,27.0,41.0,32.0,18350000.0,556000.0,Argentina
11831,CA Tigre,2023,Primera categoría,16.0,34.0,27.0,27.0,29.0,31880000.0,817000.0,Argentina
11831,Tigre,2024,Primera categoría,18.0,34.0,27.0,27.0,30.0,23150000.0,702000.0,Argentina
12100,CA All Boys,2020,,,,,,,4200000.0,114000.0,Argentina
12100,CA All Boys,2021,Segunda categoría,7.0,1.0,1.0,0.0,0.0,3680000.0,84000.0,Argentina
12100,CA All Boys,2022,Segunda categoría,5.0,60.0,36.0,45.0,33.0,3130000.0,84000.0,Argentina
12100,CA All Boys,2023,Segunda categoría,15.0,42.0,36.0,31.0,40.0,3220000.0,81000.0,Argentina
12179,CS Independiente Rivadavia,2020,,,,,,,4250000.0,129000.0,Argentina
12179,CS Independiente Rivadavia,2021,Segunda categoría,31.0,0.0,1.0,1.0,2.0,4930000.0,103000.0,Argentina
12179,CS Independiente Rivadavia,2022,Segunda categoría,9.0,56.0,36.0,45.0,34.0,3330000.0,107000.0,Argentina
12179,CS Independiente Rivadavia,2023,Segunda categoría,1.0,68.0,34.0,51.0,33.0,2830000.0,91000.0,Argentina
12179,Independiente Rivadavia,2024,Primera categoría,11.0,38.0,27.0,23.0,25.0,14630000.0,457000.0,Argentina
12301,CA Aldosivi,2020,Primera categoría,22.0,22.0,23.0,20.0,35.0,14100000.0,307000.0,Argentina
12301,CA Aldosivi,2021,Primera categoría,13.0,33.0,25.0,29.0,39.0,15430000.0,351000.0,Argentina
12301,CA Aldosivi,2022,Primera categoría,28.0,16.0,27.0,16.0,48.0,14180000.0,295000.0,Argentina
12301,CA Aldosivi,2023,Segunda categoría,16.0,35.0,34.0,33.0,44.0,4600000.0,131000.0,Argentina
1234,CA Independiente,2020,Primera categoría,14.0,29.0,23.0,27.0,25.0,66080000.0,1250000.0,Argentina
1234,CA Independiente,2021,Primera categoría,9.0,38.0,25.0,27.0,24.0,47700000.0,1040000.0,Argentina
1234,CA Independiente,2022,Primera categoría,14.0,35.0,27.0,31.0,31.0,35850000.0,797000.0,Argentina
1234,CA Independiente,2023,Primera categoría,24.0,28.0,27.0,23.0,32.0,26280000.0,571000.0,Argentina
12454,CA Sarmiento (Junín),2020,,,,,,,8980000.0,204000.0,Argentina
12454,CA Sarmiento (Junín),2021,Primera categoría,24.0,24.0,25.0,23.0,33.0,10730000.0,210000.0,Argentina
12454,CA Sarmiento (Junín),2022,Primera categoría,21.0,32.0,27.0,27.0,32.0,11500000.0,288000.0,Argentina
12454,CA Sarmiento (Junín),2023,Primera categoría,19.0,30.0,27.0,23.0,26.0,18330000.0,407000.0,Argentina
12454,Sarmiento,2024,Primera categoría,26.0,26.0,27.0,18.0,28.0,11210000.0,387000.0,Argentina
12458,CD Morón,2020,,,,,,,4200000.0,108000.0,Argentina
12458,CD Morón,2021,Segunda categoría,19.0,0.0,0.0,0.0,0.0,3850000.0,92000.0,Argentina
12458,CD Morón,2022,Segunda categoría,13.0,53.0,36.0,31.0,21.0,4700000.0,138000.0,Argentina
12563,CA Alvarado,2021,Segunda categoría,8.0,1.0,1.0,0.0,0.0,3480000.0,89000.0,Argentina
12563,CA Alvarado,2022,Segunda categoría,32.0,37.0,36.0,31.0,46.0,5200000.0,179000.0,Argentina
12574,CD Godoy Cruz Antonio Tomba,2020,Primera categoría,24.0,18.0,23.0,22.0,46.0,42250000.0,621000.0,Argentina
12574,CD Godoy Cruz Antonio Tomba,2021,Primera categoría,17.0,31.0,25.0,35.0,33.0,22930000.0,509000.0,Argentina
12574,CD Godoy Cruz Antonio Tomba,2022,Primera categoría,15.0,35.0,27.0,25.0,29.0,16550000.0,376000.0,Argentina
12574,CD Godoy Cruz Antonio Tomba,2023,Primera categoría,9.0,41.0,27.0,37.0,32.0,6650000.0,180000.0,Argentina
12574,Godoy Cruz,2024,Primera categoría,15.0,35.0,27.0,31.0,28.0,23900000.0,771000.0,Argentina
12672,Club Almirante Brown,2020,,,,,,,2430000.0,71000.0,Argentina
12672,Club Almirante Brown,2021,Segunda categoría,20.0,0.0,0.0,0.0,0.0,2330000.0,53000.0,Argentina
12672,Club Almirante Brown,2022,Segunda categoría,25.0,42.0,36.0,38.0,43.0,1880000.0,39000.0,Argentina
12672,Club Almirante Brown,2023,Segunda categoría,1.0,61.0,36.0,36.0,30.0,4420000.0,116000.0,Argentina
12681,CA Chaco For Ever,2021,,,,,,,1830000.0,61000.0,Argentina
12681,CA Chaco For Ever,2022,Segunda categoría,10.0,55.0,36.0,38.0,28.0,1500000.0,44000.0,Argentina
12681,CA Chaco For Ever,2023,Segunda categoría,13.0,40.0,34.0,30.0,43.0,4010000.0,93000.0,Argentina
12709,CA San Martín (Tucumán),2020,,,,,,,9530000.0,194000.0,Argentina
12709,CA San Martín (Tucumán),2021,Segunda categoría,21.0,0.0,0.0,0.0,0.0,8180000.0,182000.0,Argentina
12709,CA San Martín (Tucumán),2022,Segunda categoría,3.0,66.0,36.0,45.0,21.0,4600000.0,128000.0,Argentina
12709,CA San Martín (Tucumán),2023,Segunda categoría,3.0,56.0,36.0,38.0,24.0,4790000.0,126000.0,Argentina
12741,Club Villa Mitre,2020,,,,,,,1200000.0,41000.0,Argentina
12741,Club Villa Mitre,2022,,,,,,,550000.0,19000.0,Argentina
1286,CA Newell's Old Boys,2020,Primera categoría,10.0,35.0,23.0,33.0,25.0,32330000.0,622000.0,Argentina
1286,CA Newell's Old Boys,2021,Primera categoría,19.0,28.0,25.0,24.0,32.0,29280000.0,523000.0,Argentina
1286,CA Newell's Old Boys,2022,Primera categoría,11.0,40.0,27.0,26.0,22.0,26480000.0,679000.0,Argentina
1286,CA Newell's Old Boys,2023,Primera categoría,14.0,35.0,27.0,24.0,24.0,27880000.0,581000.0,Argentina
1286,Newell's OB,2024,Primera categoría,25.0,28.0,27.0,22.0,35.0,25880000.0,835000.0,Argentina
13650,CS Estudiantes (San Luis),2020,,,,,,,1880000.0,41000.0,Argentina
13650,CS Estudiantes (San Luis),2021,,,,,,,1300000.0,34000.0,Argentina
13651,CA San Telmo,2020,,,,,,,4300000.0,100000.0,Argentina
13651,CA San Telmo,2021,,,,,,,4550000.0,123000.0,Argentina
13651,CA San Telmo,2022,Segunda categoría,28.0,39.0,36.0,36.0,52.0,1900000.0,53000.0,Argentina
1418,CA Rosario Central,2020,Primera categoría,9.0,36.0,23.0,31.0,29.0,31000000.0,596000.0,Argentina
1418,CA Rosario Central,2021,Primera categoría,16.0,32.0,25.0,39.0,41.0,18100000.0,411000.0,Argentina
1418,CA Rosario Central,2022,Primera categoría,20.0,32.0,27.0,24.0,28.0,23380000.0,433000.0,Argentina
1418,CA Rosario Central,2023,Primera categoría,8.0,42.0,27.0,36.0,29.0,27200000.0,604000.0,Argentina
1418,Rosario Central,2024,Primera categoría,20.0,32.0,27.0,27.0,30.0,34280000.0,1180000.0,Argentina
14312,CA Estudiantes,2020,,,,,,,9450000.0,172000.0,Argentina
14312,CA Estudiantes,2021,Segunda categoría,22.0,0.0,0.0,0.0,0.0,7000000.0,146000.0,Argentina
14312,CA Estudiantes,2022,Segunda categoría,7.0,57.0,36.0,33.0,27.0,3250000.0,108000.0,Argentina
14318,CSD Madryn,2022,Segunda categoría,17.0,46.0,36.0,44.0,42.0,7750000.0,215000.0,Argentina
14318,CSD Madryn,2023,Segunda categoría,11.0,43.0,34.0,28.0,28.0,2450000.0,64000.0,Argentina
1444,Racing Club,2020,Primera categoría,4.0,39.0,23.0,28.0,23.0,80130000.0,1250000.0,Argentina
1444,Racing Club,2021,Primera categoría,15.0,32.0,25.0,24.0,23.0,60750000.0,1380000.0,Argentina
1444,Racing Club,2022,Primera categoría,2.0,50.0,27.0,41.0,24.0,45680000.0,993000.0,Argentina
1444,Racing Club,2023,Primera categoría,12.0,36.0,27.0,36.0,35.0,59730000.0,1190000.0,Argentina
1444,Racing Club,2024,Primera categoría,3.0,46.0,27.0,42.0,30.0,69100000.0,2470000.0,Argentina
14542,CA Temperley,2020,,,,,,,10500000.0,154000.0,Argentina
14542,CA Temperley,2021,Segunda categoría,23.0,0.0,0.0,0.0,0.0,9450000.0,178000.0,Argentina
14542,CA Temperley,2022,Segunda categoría,26.0,41.0,36.0,34.0,41.0,3880000.0,108000.0,Argentina
14542,CA Temperley,2023,Segunda categoría,8.0,53.0,36.0,42.0,38.0,4750000.0,153000.0,Argentina
14554,Club Atlético Tucumán,2020,Primera categoría,15.0,29.0,23.0,22.0,25.0,16550000.0,376000.0,Argentina
14554,Club Atlético Tucumán,2021,Primera categoría,25.0,22.0,25.0,22.0,46.0,17750000.0,386000.0,Argentina
14554,Club Atlético Tucumán,2022,Primera categoría,5.0,46.0,27.0,32.0,22.0,13350000.0,342000.0,Argentina
14554,Club Atlético Tucumán,2023,Primera categoría,11.0,37.0,27.0,25.0,27.0,15100000.0,431000.0,Argentina
14554,Atlé Tucumán,2024,Primera categoría,8.0,40.0,27.0,28.0,27.0,19580000.0,725000.0,Argentina
14597,Sportivo AC (Las Parejas),2021,,,,,,,825000.0,33000.0,Argentina
14602,AA Estudiantes (Río Cuarto),2020,,,,,,,5830000.0,106000.0,Argentina
14602,AA Estudiantes (Río Cuarto),2021,Segunda categoría,24.0,0.0,0.0,0.0,0.0,4580000.0,86000.0,Argentina
14602,AA Estudiantes (Río Cuarto),2022,Segunda categoría,6.0,58.0,36.0,39.0,29.0,3100000.0,86000.0,Argentina
14602,AA Estudiantes (Río Cuarto),2023,Segunda categoría,4.0,55.0,36.0,34.0,32.0,3550000.0,107000.0,Argentina
14670,CA Central Norte,2020,,,,,,,2530000.0,72000.0,Argentina
14681,CA Brown (Adrogué),2020,,,,,,,3980000.0,124000.0,Argentina
14681,CA Brown (Adrogué),2021,Segunda categoría,9.0,1.0,1.0,0.0,0.0,4800000.0,120000.0,Argentina
14681,CA Brown (Adrogué),2022,Segunda categoría,22.0,44.0,36.0,39.0,39.0,4100000.0,137000.0,Argentina
14681,CA Brown (Adrogué),2023,Segunda categoría,9.0,47.0,34.0,34.0,31.0,3000000.0,91000.0,Argentina
14683,CSA Guillermo Brown,2020,,,,,,,4030000.000000001,130000.0,Argentina
14683,CSA Guillermo Brown,2021,Segunda categoría,10.0,1.0,1.0,0.0,0.0,3030000.0,69000.0,Argentina
14683,CSA Guillermo Brown,2022,Segunda categoría,24.0,43.0,36.0,30.0,43.0,3100000.0,103000.0,Argentina
14687,CA Gimnasia y Esgrima (Mendoza),2020,,,,,,,4100000.0,114000.0,Argentina
14687,CA Gimnasia y Esgrima (Mendoza),2021,Segunda categoría,25.0,0.0,0.0,0.0,0.0,3650000.0,89000.0,Argentina
14687,CA Gimnasia y Esgrima (Mendoza),2022,Segunda categoría,4.0,64.0,36.0,41.0,20.0,3780000.0,108000.0,Argentina
14688,Club de Gimnasia y Tiro,2022,,,,,,,1430000.0,46000.0,Argentina
14830,CA Banfield II,2020,,,,,,,,,Argentina
14830,CA Banfield II,2021,,,,,,,,,Argentina
14831,CA Boca Juniors II,2020,,,,,,,,,Argentina
14831,CA Boca Juniors II,2021,,,,,,,,,Argentina
14835,CA Lanús II,2020,,,,,,,,,Argentina
14835,CA Lanús II,2021,,,,,,,,,Argentina
14835,CA Lanús II,2023,,,,,,,,,Argentina
14837,CA River Plate II,2021,,,,,,,,,Argentina
14837,CA River Plate II,2022,,,,,,,,,Argentina
14837,CA River Plate II,2023,,,,,,,,,Argentina
14838,CA Rosario Central II,2023,,,,,,,,,Argentina
14842,CA Vélez Sarsfield II,2021,,,,,,,325000.0,16000.0,Argentina
14842,CA Vélez Sarsfield II,2023,,,,,,,,,Argentina
14857,Racing Club II,2020,,,,,,,,,Argentina
14977,Club Almagro,2020,,,,,,,4280000.0,130000.0,Argentina
14977,Club Almagro,2021,Segunda categoría,5.0,3.0,1.0,1.0,0.0,2330000.0,63000.0,Argentina
14977,Club Almagro,2022,Segunda categoría,8.0,57.0,36.0,35.0,33.0,3530000.0,101000.0,Argentina
14977,Club Almagro,2023,Segunda categoría,17.0,37.0,36.0,26.0,36.0,3980000.0,114000.0,Argentina
15879,CA San Lorenzo de Almagro II,2020,,,,,,,,,Argentina
15879,CA San Lorenzo de Almagro II,2022,,,,,,,,,Argentina
15887,Club Estudiantes de La Plata II,2021,,,,,,,,,Argentina
15887,Club Estudiantes de La Plata II,2022,,,,,,,,,Argentina
16179,AA Argentinos Juniors II,2021,,,,,,,,,Argentina
16179,AA Argentinos Juniors II,2022,,,,,,,,,Argentina
16179,AA Argentinos Juniors II,2023,,,,,,,,,Argentina
1771,CSD Tristán Suárez,2021,Segunda categoría,12.0,0.0,0.0,0.0,0.0,2280000.0,67000.0,Argentina
1771,CSD Tristán Suárez,2022,Segunda categoría,33.0,35.0,36.0,37.0,45.0,3380000.0,89000.0,Argentina
1771,CSD Tristán Suárez,2023,Segunda categoría,17.0,34.0,34.0,36.0,53.0,4040000.0,115000.0,Argentina
1775,CA San Lorenzo de Almagro,2020,Primera categoría,8.0,36.0,23.0,32.0,30.0,92900000.0,1570000.0,Argentina
1775,CA San Lorenzo de Almagro,2021,Primera categoría,21.0,27.0,25.0,23.0,33.0,60400000.0,1180000.0,Argentina
1775,CA San Lorenzo de Almagro,2022,Primera categoría,6.0,43.0,27.0,33.0,23.0,33330000.0,793000.0,Argentina
1775,CA San Lorenzo de Almagro,2023,Primera categoría,3.0,46.0,27.0,23.0,13.0,34180000.0,814000.0,Argentina
1775,San Lorenzo,2024,Primera categoría,24.0,29.0,27.0,20.0,26.0,47580000.0,1760000.0,Argentina
1826,Quilmes AC,2020,,,,,,,7280000.0,162000.0,Argentina
1826,Quilmes AC,2021,Segunda categoría,32.0,0.0,1.0,0.0,1.0,7680000.0,171000.0,Argentina
1826,Quilmes AC,2022,Segunda categoría,19.0,46.0,36.0,42.0,46.0,7330000.0,183000.0,Argentina
1826,Quilmes AC,2023,Segunda categoría,4.0,53.0,34.0,44.0,31.0,6690000.0,186000.0,Argentina
1829,Instituto ACC,2020,,,,,,,6630000.0,201000.0,Argentina
1829,Instituto ACC,2021,Segunda categoría,1.0,3.0,1.0,2.0,1.0,6780000.0,147000.0,Argentina
1829,Instituto ACC,2022,Segunda categoría,2.0,68.0,36.0,48.0,23.0,4250000.0,133000.0,Argentina
1829,Instituto ACC,2023,Primera categoría,18.0,32.0,27.0,24.0,35.0,9680000.0,248000.0,Argentina
1829,Instituto,2024,Primera categoría,13.0,36.0,27.0,32.0,31.0,23950000.0,887000.0,Argentina
189,CA Boca Juniors,2020,Primera categoría,1.0,48.0,23.0,35.0,8.0,144000000.0,2530000.0,Argentina
189,CA Boca Juniors,2021,Primera categoría,4.0,41.0,25.0,35.0,19.0,121530000.0,1930000.0,Argentina
189,CA Boca Juniors,2022,Primera categoría,1.0,52.0,27.0,34.0,28.0,110430000.0,1900000.0,Argentina
189,CA Boca Juniors,2023,Primera categoría,7.0,44.0,27.0,33.0,24.0,103550000.0,2070000.0,Argentina
189,Boca Juniors,2024,Primera categoría,6.0,42.0,27.0,30.0,23.0,91780000.0,2870000.0,Argentina
18911,CA Juventud Unida Universitario,2021,,,,,,,750000.0,22000.0,Argentina
19523,CD Maipú,2020,,,,,,,1200000.0,50000.0,Argentina
19523,CD Maipú,2022,Segunda categoría,20.0,45.0,36.0,39.0,32.0,3700000.0,123000.0,Argentina
19634,CA San Miguel,2022,,,,,,,,,Argentina
19775,CD Riestra,2020,,,,,,,2900000.0,69000.0,Argentina
19775,CD Riestra,2021,Segunda categoría,27.0,0.0,0.0,0.0,0.0,2330000.0,46000.0,Argentina
19775,CD Riestra,2022,Segunda categoría,11.0,54.0,36.0,34.0,26.0,2680000.0,69000.0,Argentina
19775,CD Riestra,2023,Segunda categoría,7.0,50.0,34.0,40.0,34.0,3750000.0,89000.0,Argentina
19806,CA Patronato,2020,Primera categoría,20.0,23.0,23.0,22.0,34.0,16700000.0,232000.0,Argentina
19806,CA Patronato,2021,Primera categoría,23.0,25.0,25.0,23.0,35.0,10730000.0,268000.0,Argentina
19806,CA Patronato,2022,Primera categoría,10.0,40.0,27.0,31.0,27.0,10950000.0,203000.0,Argentina
19806,CA Patronato,2023,Segunda categoría,14.0,42.0,36.0,39.0,44.0,4360000.0,115000.0,Argentina
2063,CA Huracán,2020,Primera categoría,21.0,22.0,23.0,17.0,27.0,23350000.0,410000.0,Argentina
2063,CA Huracán,2021,Primera categoría,8.0,38.0,25.0,28.0,25.0,24330000.0,487000.0,Argentina
2063,CA Huracán,2022,Primera categoría,4.0,47.0,27.0,35.0,21.0,17980000.0,399000.0,Argentina
2063,CA Huracán,2023,Primera categoría,26.0,25.0,27.0,18.0,29.0,30940000.0,595000.0,Argentina
2063,Huracán,2024,Primera categoría,4.0,46.0,27.0,28.0,18.0,27230000.0,1050000.0,Argentina
209,CA River Plate,2020,Primera categoría,2.0,47.0,23.0,41.0,18.0,181250000.0,3240000.0,Argentina
209,CA River Plate,2021,Primera categoría,1.0,54.0,25.0,53.0,19.0,97800000.0,2570000.0,Argentina
209,CA River Plate,2022,Primera categoría,3.0,47.0,27.0,43.0,22.0,101800000.0,2830000.0,Argentina
209,CA River Plate,2023,Primera categoría,1.0,61.0,27.0,50.0,20.0,134850000.0,3210000.0,Argentina
209,River Plate,2024,Primera categoría,5.0,43.0,27.0,38.0,21.0,117150000.0,3910000.0,Argentina
2154,CA Chacarita Juniors,2021,Segunda categoría,30.0,0.0,1.0,1.0,2.0,6100000.0,124000.0,Argentina
2154,CA Chacarita Juniors,2022,Segunda categoría,15.0,48.0,36.0,48.0,44.0,5550000.0,142000.0,Argentina
2154,CA Chacarita Juniors,2023,Segunda categoría,2.0,67.0,34.0,48.0,23.0,3750000.0,114000.0,Argentina
2402,CSD Defensa y Justicia,2020,Primera categoría,6.0,36.0,23.0,26.0,18.0,50500000.0,616000.0,Argentina
2402,CSD Defensa y Justicia,2021,Primera categoría,2.0,47.0,25.0,43.0,24.0,31750000.0,547000.0,Argentina
2402,CSD Defensa y Justicia,2022,Primera categoría,12.0,40.0,27.0,29.0,27.0,26030000.0,510000.0,Argentina
2402,CSD Defensa y Justicia,2023,Primera categoría,6.0,44.0,27.0,36.0,23.0,21580000.0,432000.0,Argentina
2402,Defensa y Just,2024,Primera categoría,21.0,32.0,27.0,27.0,33.0,32130000.000000004,973000.0,Argentina
2417,CA Belgrano,2020,,,,,,,8350000.0,232000.0,Argentina
2417,CA Belgrano,2021,Segunda categoría,6.0,1.0,1.0,0.0,0.0,10530000.0,191000.0,Argentina
2417,CA Belgrano,2022,Segunda categoría,1.0,79.0,36.0,48.0,23.0,5200000.0,168000.0,Argentina
2417,CA Belgrano,2023,Primera categoría,13.0,36.0,27.0,20.0,26.0,13040000.0,266000.0,Argentina
2417,Belgrano,2024,Primera categoría,16.0,35.0,27.0,33.0,32.0,30680000.0,1020000.0,Argentina
25184,CA Barracas Central,2020,,,,,,,4880000.0,122000.0,Argentina
25184,CA Barracas Central,2021,Segunda categoría,2.0,3.0,1.0,2.0,1.0,3950000.0,107000.0,Argentina
25184,CA Barracas Central,2022,Primera categoría,17.0,34.0,27.0,31.0,37.0,7400000.0,185000.0,Argentina
25184,CA Barracas Central,2023,Primera categoría,15.0,35.0,27.0,25.0,30.0,6480000.0,158000.0,Argentina
25184,Barracas Central,2024,Primera categoría,28.0,23.0,27.0,15.0,33.0,16000000.0,485000.0,Argentina
25358,CSD Defensa y Justicia II,2023,,,,,,,,,Argentina
27857,Club Ferro Carril Oeste (Gral. Pico),2022,,,,,,,450000.0,12000.0,Argentina
288,Club Estudiantes de La Plata,2020,Primera categoría,13.0,30.0,23.0,23.0,22.0,46980000.0,1040000.0,Argentina
288,Club Estudiantes de La Plata,2021,Primera categoría,6.0,39.0,25.0,43.0,31.0,48250000.0,1050000.0,Argentina
288,Club Estudiantes de La Plata,2022,Primera categoría,18.0,33.0,27.0,28.0,40.0,36750000.0,750000.0,Argentina
288,Club Estudiantes de La Plata,2023,Primera categoría,5.0,45.0,27.0,35.0,24.0,34380000.0,688000.0,Argentina
288,Estudiantes,2024,Primera categoría,12.0,36.0,27.0,36.0,34.0,36280000.0,1340000.0,Argentina
29680,CA Independiente (Chivilcoy),2022,,,,,,,775000.0,23000.0,Argentina
30038,CA Mitre,2020,,,,,,,3700000.0,109000.0,Argentina
30038,CA Mitre,2021,Segunda categoría,11.0,1.0,1.0,0.0,0.0,4620000.0,98000.0,Argentina
30038,CA Mitre,2022,Segunda categoría,21.0,45.0,36.0,36.0,37.0,5250000.0,164000.0,Argentina
30079,CA Sarmiento (La Banda),2022,,,,,,,,,Argentina
30838,CA Sarmiento (Resistencia),2022,,,,,,,1330000.0,41000.0,Argentina
31284,CA Central Córdoba (SdE),2020,Primera categoría,18.0,26.0,23.0,21.0,29.0,18750000.0,329000.0,Argentina
31284,CA Central Córdoba (SdE),2021,Primera categoría,22.0,26.0,25.0,30.0,36.0,14850000.0,362000.0,Argentina
31284,CA Central Córdoba (SdE),2022,Primera categoría,16.0,34.0,27.0,34.0,37.0,11780000.0,268000.0,Argentina
31284,CA Central Córdoba (SdE),2023,Primera categoría,23.0,29.0,27.0,20.0,30.0,13480000.0,321000.0,Argentina
31284,Cen. Córdoba–SdE,2024,Primera categoría,22.0,31.0,27.0,29.0,36.0,14850000.0,424000.0,Argentina
333,CA Lanús,2020,Primera categoría,7.0,36.0,23.0,32.0,29.0,49930000.0,979000.0,Argentina
333,CA Lanús,2021,Primera categoría,10.0,37.0,25.0,44.0,43.0,43000000.0,1100000.0,Argentina
333,CA Lanús,2022,Primera categoría,27.0,21.0,27.0,22.0,40.0,39130000.0,851000.0,Argentina
333,CA Lanús,2023,Primera categoría,4.0,45.0,27.0,38.0,27.0,45250000.0,984000.0,Argentina
333,Lanús,2024,Primera categoría,14.0,36.0,27.0,28.0,31.0,32380000.000000004,1160000.0,Argentina
38545,CA Agropecuario,2020,,,,,,,4450000.0,139000.0,Argentina
38545,CA Agropecuario,2021,Segunda categoría,28.0,0.0,0.0,0.0,0.0,6330000.0,158000.0,Argentina
38545,CA Agropecuario,2022,Segunda categoría,30.0,38.0,36.0,25.0,30.0,3950000.0,113000.0,Argentina
38545,CA Agropecuario,2023,Segunda categoría,2.0,59.0,36.0,46.0,36.0,5310000.0,189000.0,Argentina
3938,CA Talleres,2020,Primera categoría,12.0,34.0,23.0,34.0,30.0,59250000.0,1000000.0,Argentina
3938,CA Talleres,2021,Primera categoría,3.0,46.0,25.0,38.0,28.0,37680000.0,856000.0,Argentina
3938,CA Talleres,2022,Primera categoría,13.0,35.0,27.0,28.0,26.0,30180000.0,580000.0,Argentina
3938,CA Talleres,2023,Primera categoría,2.0,50.0,27.0,42.0,23.0,42180000.0,796000.0,Argentina
3938,Talleres,2024,Primera categoría,2.0,48.0,27.0,34.0,27.0,49750000.0,1720000.0,Argentina
4557,Club Ferro Carril Oeste,2020,,,,,,,6650000.0,166000.0,Argentina
4557,Club Ferro Carril Oeste,2021,Segunda categoría,13.0,0.0,0.0,0.0,0.0,14650000.0,282000.0,Argentina
4557,Club Ferro Carril Oeste,2022,Segunda categoría,16.0,47.0,36.0,32.0,34.0,11600000.0,264000.0,Argentina
4557,Club Ferro Carril Oeste,2023,Segunda categoría,8.0,49.0,34.0,45.0,37.0,6220000.0,207000.0,Argentina
4673,Arsenal FC,2020,Primera categoría,11.0,34.0,23.0,37.0,32.0,14530000.0,316000.0,Argentina
4673,Arsenal FC,2021,Primera categoría,26.0,21.0,25.0,12.0,34.0,8950000.0,186000.0,Argentina
4673,Arsenal FC,2022,Primera categoría,23.0,30.0,27.0,28.0,29.0,10300000.0,286000.0,Argentina
4673,Arsenal FC,2023,Primera categoría,28.0,22.0,27.0,18.0,34.0,9080000.0,189000.0,Argentina
54494,CA Central Córdoba (SdE) II,2023,,,,,,,,,Argentina
55574,CA Talleres II,2023,,,,,,,,,Argentina
58188,CA Güemes,2020,,,,,,,1650000.0,55000.0,Argentina
58188,CA Güemes,2021,Segunda categoría,29.0,0.0,0.0,0.0,0.0,3100000.0,86000.0,Argentina
58188,CA Güemes,2022,Segunda categoría,27.0,39.0,36.0,28.0,35.0,4650000.0,141000.0,Argentina
58188,CA Güemes,2023,Segunda categoría,9.0,53.0,36.0,37.0,34.0,1700000.0,58000.0,Argentina
6062,CA Defensores de Belgrano,2020,,,,,,,3630000.0,84000.0,Argentina
6062,CA Defensores de Belgrano,2021,Segunda categoría,14.0,0.0,0.0,0.0,0.0,4100000.0,91000.0,Argentina
6062,CA Defensores de Belgrano,2022,Segunda categoría,12.0,54.0,36.0,37.0,30.0,3380000.0,105000.0,Argentina
6062,CA Defensores de Belgrano,2023,Segunda categoría,5.0,53.0,36.0,44.0,35.0,2660000.0,74000.0,Argentina
61444,CA Belgrano II,2023,,,,,,,,,Argentina
61809,Club Defensores de Pronunciamiento,2020,,,,,,,,,Argentina
61810,CD Riestra II,2023,,,,,,,,,Argentina
7097,CA Unión (Santa Fe),2020,Primera categoría,16.0,27.0,23.0,21.0,30.0,22580000.0,426000.0,Argentina
7097,CA Unión (Santa Fe),2021,Primera categoría,12.0,34.0,25.0,32.0,32.0,16480000.0,485000.0,Argentina
7097,CA Unión (Santa Fe),2022,Primera categoría,22.0,32.0,27.0,28.0,36.0,10680000.0,267000.0,Argentina
7097,CA Unión (Santa Fe),2023,Primera categoría,20.0,30.0,27.0,19.0,25.0,13630000.0,317000.0,Argentina
7097,Unión,2024,Primera categoría,9.0,40.0,27.0,27.0,26.0,22200000.0,854000.0,Argentina
7468,Club Olimpo,2023,Tercera categoría,1.0,70.0,32.0,58.0,20.0,1150000.0,33000.0,Argentina
77899,CS Independiente Rivadavia II,2023,,,,,,,,,Argentina
8057,CA Atlanta,2020,,,,,,,6200000.0,144000.0,Argentina
8057,CA Atlanta,2021,Segunda categoría,15.0,0.0,0.0,0.0,0.0,4500000.0,82000.0,Argentina
8057,CA Atlanta,2022,Segunda categoría,18.0,46.0,36.0,33.0,32.0,4130000.0,125000.0,Argentina
830,CA Banfield,2020,Primera categoría,17.0,26.0,23.0,19.0,23.0,47050000.0,663000.0,Argentina
830,CA Banfield,2021,Primera categoría,20.0,27.0,25.0,20.0,25.0,25330000.0,517000.0,Argentina
830,CA Banfield,2022,Primera categoría,24.0,30.0,27.0,23.0,29.0,21650000.0,481000.0,Argentina
830,CA Banfield,2023,Primera categoría,21.0,30.0,27.0,21.0,32.0,30050000.0,639000.0,Argentina
830,Banfield,2024,Primera categoría,27.0,24.0,27.0,22.0,36.0,22150000.0,651000.0,Argentina
90392,Club Atlético Tucumán II,2023,,,,,,,,,Argentina
928,CA Platense,2020,,,,,,,5150000.0,143000.0,Argentina
928,CA Platense,2021,Primera categoría,18.0,31.0,25.0,36.0,36.0,11200000.0,229000.0,Argentina
928,CA Platense,2022,Primera categoría,19.0,32.0,27.0,23.0,25.0,13080000.0,267000.0,Argentina
928,CA Platense,2023,Primera categoría,17.0,34.0,27.0,26.0,29.0,15260000.0,347000.0,Argentina
928,Platense,2024,Primera categoría,10.0,39.0,27.0,20.0,18.0,25630000.0,732000.0,Argentina
9638,CB Ramón Santamarina,2020,,,,,,,3480000.0,105000.0,Argentina
9638,CB Ramón Santamarina,2021,Segunda categoría,3.0,3.0,1.0,1.0,0.0,3700000.0,82000.0,Argentina
9638,CB Ramón Santamarina,2022,Segunda categoría,36.0,29.0,36.0,29.0,58.0,2530000.0,63000.0,Argentina
118373,Auckland FC,2023,,,,,,,,,Australia
25580,Melbourne City FC,2022,Primera categoría,1.0,55.0,26.0,61.0,32.0,18300000.0,407000.0,Australia
409,Red Bull Salzburgo,2020,Primera categoría,1.0,51.0,32.0,94.0,33.0,188700000.0,5390000.0,Austria
57890,FK Sabail,2021,Primera categoría,8.0,15.0,28.0,17.0,57.0,3750000.0,104000.0,Azerbaiyán
8031,Neftchi PFK,2022,Primera categoría,3.0,68.0,36.0,63.0,38.0,11280000.0,275000.0,Azerbaiyán
17422,Club Deportivo Guabirá,2021,Primera categoría,8.0,44.0,30.0,47.0,47.0,1330000.0,37000.0,Bolivia
30854,Club Independiente Petrolero,2020,,,,,,,,,Bolivia
42208,Club Always Ready,2020,Primera categoría,1.0,51.0,26.0,59.0,29.0,4050000.0,127000.0,Bolivia
4862,Club Jorge Wilstermann ,2021,Primera categoría,7.0,49.0,30.0,64.0,48.0,5580000.0,151000.0,Bolivia
5570,The Strongest La Paz,2021,Primera categoría,3.0,63.0,30.0,57.0,24.0,4930000.0,93000.0,Bolivia
6878,Bolívar La Paz,2020,Primera categoría,3.0,46.0,25.0,56.0,28.0,14700000.0,313000.0,Bolivia
6878,Bolívar La Paz,2021,Primera categoría,4.0,56.0,30.0,63.0,29.0,13800000.0,418000.0,Bolivia
6878,Bolívar La Paz,2022,Primera categoría,3.0,50.0,24.0,52.0,25.0,7050000.0,153000.0,Bolivia
6878,Bolívar La Paz,2023,Primera categoría,3.0,44.0,26.0,61.0,31.0,13900000.0,376000.0,Bolivia
6985,Club Deportivo Oriente Petrolero,2022,Primera categoría,5.0,38.0,24.0,36.0,26.0,2650000.0,65000.0,Bolivia
8056,Blooming Santa Cruz,2020,Primera categoría,8.0,38.0,26.0,38.0,43.0,2250000.0,66000.0,Bolivia
6808,HSK Zrinjski Mostar,2022,Primera categoría,1.0,78.0,33.0,66.0,21.0,11030000.0,251000.0,Bosnia y Herzegovina
10010,Esporte Clube Bahia,2020,Primera categoría,14.0,44.0,38.0,48.0,59.0,39680000.0,583000.0,Brasil
10010,Esporte Clube Bahia,2021,Primera categoría,18.0,43.0,38.0,42.0,51.0,30350000.0,410000.0,Brasil
1023,SE Palmeiras,2021,Primera categoría,3.0,66.0,38.0,58.0,43.0,93250000.0,1610000.0,Brasil
1023,SE Palmeiras,2022,Primera categoría,1.0,81.0,38.0,66.0,27.0,111600000.0,2660000.0,Brasil
1023,SE Palmeiras,2023,Primera categoría,1.0,70.0,38.0,64.0,33.0,120500000.0,2870000.0,Brasil
10492,Esporte Clube Juventude,2020,Segunda categoría,3.0,61.0,38.0,52.0,42.0,15700000.0,238000.0,Brasil
10870,Fortaleza Esporte Clube,2021,Primera categoría,4.0,58.0,38.0,44.0,45.0,31200000.0,678000.0,Brasil
10870,Fortaleza Esporte Clube,2022,Primera categoría,8.0,55.0,38.0,46.0,39.0,32650000.0,759000.0,Brasil
10870,Fortaleza Esporte Clube,2023,Primera categoría,10.0,54.0,38.0,45.0,44.0,45330000.0,1030000.0,Brasil
15038,Athletico Paranaense U20,2023,,,,,,,50000.0,1000.0,Brasil
199,SC Corinthians,2020,Primera categoría,12.0,51.0,38.0,45.0,45.0,113450000.0,1990000.0,Brasil
199,SC Corinthians,2021,Primera categoría,5.0,57.0,38.0,40.0,36.0,132350000.0,2650000.0,Brasil
199,SC Corinthians,2022,Primera categoría,4.0,65.0,38.0,44.0,36.0,131900000.0,2540000.0,Brasil
2029,Ceará Sporting Club,2022,Primera categoría,17.0,37.0,38.0,34.0,41.0,27650000.0,532000.0,Brasil
2035,Avaí FC,2021,Segunda categoría,4.0,64.0,38.0,44.0,35.0,18280000.0,366000.0,Brasil
2035,Avaí FC,2022,Primera categoría,19.0,35.0,38.0,34.0,60.0,32300000.0,505000.0,Brasil
210,Grêmio Foot-Ball Porto Alegrense,2021,Primera categoría,17.0,43.0,38.0,44.0,51.0,120280000.0,2040000.0,Brasil
210,Grêmio Foot-Ball Porto Alegrense,2022,Segunda categoría,2.0,65.0,38.0,50.0,26.0,49780000.0,830000.0,Brasil
210,Newell's OB,2024,Primera categoría,14.0,45.0,38.0,44.0,50.0,87950000.0,2440000.0,Brasil
221,Santos FC,2021,Primera categoría,10.0,50.0,38.0,35.0,40.0,53700000.0,852000.0,Brasil
221,Santos FC,2023,Primera categoría,17.0,43.0,38.0,39.0,64.0,94200000.0,1680000.0,Brasil
2462,Fluminense Football Club,2021,Primera categoría,7.0,54.0,38.0,38.0,38.0,39130000.0,621000.0,Brasil
28022,Cuiabá Esporte Clube (MT),2023,Primera categoría,12.0,51.0,38.0,40.0,39.0,21380000.0,465000.0,Brasil
2863,América Futebol Clube (MG),2020,Segunda categoría,2.0,73.0,38.0,43.0,23.0,11050000.0,235000.0,Brasil
2863,América Futebol Clube (MG),2021,Primera categoría,8.0,53.0,38.0,41.0,37.0,16950000.0,297000.0,Brasil
2863,América Futebol Clube (MG),2022,Primera categoría,10.0,53.0,38.0,40.0,40.0,24580000.0,439000.0,Brasil
2863,América Futebol Clube (MG),2023,Primera categoría,20.0,24.0,38.0,42.0,81.0,34180000.0,633000.0,Brasil
330,Clube Atlético Mineiro,2021,Primera categoría,1.0,84.0,38.0,67.0,34.0,106450000.0,2220000.0,Brasil
585,São Paulo FC,2021,Primera categoría,13.0,48.0,38.0,31.0,39.0,71900000.0,1410000.0,Brasil
585,São Paulo FC,2022,Primera categoría,9.0,54.0,38.0,55.0,42.0,67880000.0,1410000.0,Brasil
585,São Paulo FC,2023,Primera categoría,11.0,53.0,38.0,40.0,38.0,112180000.0,2240000.0,Brasil
609,Cruzeiro Esporte Clube,2022,Segunda categoría,1.0,78.0,38.0,57.0,26.0,30100000.0,470000.0,Brasil
614,CR Flamengo,2022,Primera categoría,5.0,62.0,38.0,60.0,39.0,181950000.0,2980000.0,Brasil
6600,Sport Club Internacional,2020,Primera categoría,2.0,70.0,38.0,61.0,35.0,68250000.0,1310000.0,Brasil
6600,Sport Club Internacional,2021,Primera categoría,12.0,48.0,38.0,44.0,42.0,71850000.0,1260000.0,Brasil
6600,Sport Club Internacional,2022,Primera categoría,2.0,73.0,38.0,58.0,31.0,104430000.0,2050000.0,Brasil
6600,Sport Club Internacional,2023,Primera categoría,9.0,55.0,38.0,46.0,45.0,77150000.0,1880000.0,Brasil
679,Club Athletico Paranaense,2020,Primera categoría,9.0,53.0,38.0,38.0,36.0,30850000.0,441000.0,Brasil
679,Club Athletico Paranaense,2022,Primera categoría,6.0,58.0,38.0,48.0,48.0,70930000.0,1060000.0,Brasil
776,Coritiba Foot Ball Club,2022,Primera categoría,15.0,42.0,38.0,39.0,60.0,25630000.0,475000.0,Brasil
8793,Red Bull Bragantino,2020,Primera categoría,10.0,53.0,38.0,50.0,40.0,15480000.0,368000.0,Brasil
9030,Botafogo FC,2022,,,,,,,1730000.0,42000.0,Brasil
978,Clube de Regatas Vasco da Gama,2021,Segunda categoría,10.0,49.0,38.0,43.0,52.0,33700000.0,648000.0,Brasil
978,Clube de Regatas Vasco da Gama,2022,Segunda categoría,4.0,62.0,38.0,48.0,36.0,31130000.0,587000.0,Brasil
978,Clube de Regatas Vasco da Gama,2023,Primera categoría,15.0,45.0,38.0,41.0,51.0,72850000.0,1040000.0,Brasil
31614,Ludogorets Razgrad,2020,,,,,,,40000000.0,833000.0,Bulgaria
6764,Beroe Stara Zagora,2022,Primera categoría,12.0,27.0,30.0,26.0,47.0,7410000.0,181000.0,Bulgaria
712,Etar Veliko Tarnovo,2020,Primera categoría,13.0,22.0,26.0,20.0,45.0,3620000.0,95000.0,Bulgaria
1096,Royal Amberes FC,2021,Primera categoría,4.0,63.0,34.0,55.0,38.0,61900000.0,1590000.0,Bélgica
1096,Royal Amberes FC,2023,Primera categoría,3.0,52.0,30.0,55.0,27.0,143800000.0,3890000.0,Bélgica
1184,KRC Genk,2021,Primera categoría,8.0,51.0,34.0,66.0,47.0,120100000.0,3750000.0,Bélgica
1184,KRC Genk,2023,Primera categoría,6.0,47.0,30.0,51.0,31.0,180500000.0,4880000.0,Bélgica
2282,Club Brujas KV,2023,Primera categoría,4.0,51.0,30.0,62.0,29.0,161550000.0,4900000.0,Bélgica
3901,RAAL La Louvière ,2023,Tercera categoría,1.0,83.0,34.0,76.0,19.0,400000.0,12000.0,Bélgica
3948,Union Saint-Gilloise,2022,Primera categoría,2.0,75.0,34.0,70.0,41.0,71350000.0,2230000.0,Bélgica
58,RSC Anderlecht,2022,Primera categoría,11.0,46.0,34.0,49.0,46.0,121250000.0,3190000.0,Bélgica
10775,Al-Shamal SC,2020,,,,,,,2430000.0,59000.0,Catar
26091,Al-Duhail SC,2022,Primera categoría,1.0,51.0,22.0,50.0,26.0,26350000.0,613000.0,Catar
1037,Universidad de Chile,2020,Primera categoría,6.0,36.0,25.0,37.0,28.0,10430000.0,326000.0,Chile
1037,Universidad de Chile,2021,Primera categoría,11.0,39.0,32.0,34.0,37.0,13300000.0,333000.0,Chile
1037,Universidad de Chile,2022,Primera categoría,13.0,30.0,30.0,35.0,50.0,15050000.0,407000.0,Chile
11004,Coquimbo Unido,2023,Primera categoría,5.0,47.0,30.0,46.0,45.0,8100000.0,219000.0,Chile
11470,CD O'Higgins,2020,Primera categoría,12.0,31.0,25.0,30.0,33.0,9590000.0,282000.0,Chile
11470,CD O'Higgins,2021,Primera categoría,13.0,38.0,32.0,31.0,41.0,10050000.0,279000.0,Chile
11470,CD O'Higgins,2022,Primera categoría,8.0,44.0,30.0,31.0,31.0,9680000.0,312000.0,Chile
11470,CD O'Higgins,2023,Primera categoría,11.0,35.0,30.0,37.0,39.0,7530000.0,243000.0,Chile
13394,Magallanes,2022,Segunda categoría,1.0,72.0,32.0,61.0,23.0,4680000.0,146000.0,Chile
13394,Magallanes,2023,Primera categoría,15.0,29.0,30.0,36.0,49.0,6330000.0,176000.0,Chile
13554,Deportes Temuco,2020,Segunda categoría,10.0,32.0,23.0,26.0,28.0,6130000.0,153000.0,Chile
13554,Deportes Temuco,2021,Segunda categoría,3.0,49.0,30.0,42.0,29.0,4280000.0,110000.0,Chile
14723,CD Ñublense,2020,Segunda categoría,1.0,43.0,23.0,40.0,27.0,2980000.0,88000.0,Chile
14723,CD Ñublense,2022,Primera categoría,2.0,52.0,30.0,46.0,32.0,8250000.0,250000.0,Chile
17222,Deportes Antofagasta,2021,Primera categoría,6.0,47.0,32.0,34.0,36.0,10730000.0,275000.0,Chile
17222,Deportes Antofagasta,2022,Primera categoría,16.0,26.0,30.0,23.0,37.0,11500000.0,319000.0,Chile
18076,Deportes Iquique,2021,Segunda categoría,9.0,37.0,30.0,51.0,49.0,5880000.0,147000.0,Chile
18076,Deportes Iquique,2022,Segunda categoría,12.0,35.0,32.0,31.0,38.0,4650000.0,119000.0,Chile
19027,Curicó Unido,2020,Primera categoría,5.0,37.0,24.0,28.0,33.0,5700000.0,158000.0,Chile
19027,Curicó Unido,2021,Primera categoría,15.0,37.0,32.0,37.0,39.0,7480000.0,182000.0,Chile
19027,Curicó Unido,2022,Primera categoría,3.0,49.0,30.0,48.0,30.0,5350000.0,157000.0,Chile
19280,San Luis de Quillota,2020,Segunda categoría,13.0,24.0,23.0,22.0,29.0,5850000.0,122000.0,Chile
19280,San Luis de Quillota,2021,Segunda categoría,10.0,37.0,30.0,30.0,33.0,7330000.0,183000.0,Chile
20514,Unión La Calera,2020,Primera categoría,2.0,45.0,23.0,40.0,25.0,11180000.0,339000.0,Chile
20514,Unión La Calera,2021,Primera categoría,4.0,51.0,32.0,41.0,40.0,12550000.0,369000.0,Chile
20514,Unión La Calera,2022,Primera categoría,10.0,39.0,30.0,36.0,40.0,8430000.0,255000.0,Chile
20514,Unión La Calera,2023,Primera categoría,8.0,41.0,30.0,42.0,41.0,9280000.0,281000.0,Chile
20683,Deportes Santa Cruz,2020,Segunda categoría,15.0,18.0,23.0,23.0,44.0,2450000.0,72000.0,Chile
23162,San Marcos de Arica,2022,,,,,,,675000.0,29000.0,Chile
23162,San Marcos de Arica,2023,Segunda categoría,10.0,40.0,30.0,51.0,52.0,3240000.0,108000.0,Chile
2433,CSD Colo-Colo,2020,Primera categoría,18.0,22.0,24.0,25.0,36.0,27500000.0,640000.0,Chile
2433,CSD Colo-Colo,2021,Primera categoría,2.0,62.0,32.0,49.0,26.0,23030000.0,419000.0,Chile
2433,CSD Colo-Colo,2022,Primera categoría,1.0,63.0,30.0,54.0,17.0,15980000.0,432000.0,Chile
2433,CSD Colo-Colo,2023,Primera categoría,3.0,51.0,30.0,45.0,29.0,26550000.0,738000.0,Chile
32073,AC Barnechea,2022,Segunda categoría,8.0,44.0,32.0,47.0,43.0,3730000.0,96000.0,Chile
3277,CD Universidad Católica,2020,Primera categoría,1.0,49.0,24.0,52.0,25.0,18400000.0,472000.0,Chile
3277,CD Universidad Católica,2021,Primera categoría,1.0,68.0,32.0,65.0,34.0,17650000.0,519000.0,Chile
3277,CD Universidad Católica,2022,Primera categoría,6.0,45.0,30.0,41.0,38.0,19130000.0,425000.0,Chile
3277,CD Universidad Católica,2023,Primera categoría,7.0,42.0,30.0,48.0,43.0,18200000.0,520000.0,Chile
4321,Unión Española,2021,Primera categoría,5.0,48.0,32.0,48.0,50.0,14900000.0,414000.0,Chile
4321,Unión Española,2022,Primera categoría,11.0,37.0,30.0,37.0,44.0,9300000.0,258000.0,Chile
5622,Universidad de Concepción,2023,Segunda categoría,13.0,34.0,30.0,36.0,49.0,3700000.0,103000.0,Chile
5747,Deportes La Serena,2020,Primera categoría,13.0,31.0,25.0,26.0,29.0,7650000.0,201000.0,Chile
5747,Deportes La Serena,2021,Primera categoría,10.0,39.0,32.0,40.0,42.0,11730000.0,301000.0,Chile
5747,Deportes La Serena,2022,Primera categoría,15.0,27.0,30.0,28.0,56.0,6730000.0,187000.0,Chile
6363,Audax Italiano,2020,Primera categoría,15.0,29.0,26.0,36.0,41.0,3950000.0,127000.0,Chile
6363,Audax Italiano,2021,Primera categoría,3.0,54.0,32.0,39.0,31.0,8630000.0,270000.0,Chile
6363,Audax Italiano,2022,Primera categoría,7.0,45.0,30.0,44.0,42.0,7630000.0,196000.0,Chile
6363,Audax Italiano,2023,Primera categoría,13.0,35.0,30.0,36.0,43.0,8650000.0,270000.0,Chile
6368,CD Huachipato,2021,Primera categoría,16.0,37.0,32.0,36.0,41.0,8130000.000000001,220000.0,Chile
6368,CD Huachipato,2022,Primera categoría,12.0,35.0,30.0,32.0,46.0,8980000.0,264000.0,Chile
6368,CD Huachipato,2023,Primera categoría,1.0,57.0,30.0,48.0,30.0,8480000.0,273000.0,Chile
6536,CD Palestino,2020,Primera categoría,7.0,35.0,25.0,30.0,31.0,11630000.0,314000.0,Chile
6536,CD Palestino,2021,Primera categoría,8.0,41.0,32.0,48.0,50.0,13430000.0,373000.0,Chile
6536,CD Palestino,2022,Primera categoría,4.0,46.0,30.0,45.0,35.0,11750000.0,392000.0,Chile
6536,CD Palestino,2023,Primera categoría,4.0,49.0,30.0,46.0,40.0,10430000.0,348000.0,Chile
7020,CD Everton,2020,Primera categoría,11.0,32.0,26.0,30.0,31.0,12980000.0,393000.0,Chile
7020,CD Everton,2021,Primera categoría,12.0,39.0,32.0,29.0,35.0,8730000.0,213000.0,Chile
7020,CD Everton,2022,Primera categoría,9.0,42.0,30.0,40.0,27.0,9930000.0,242000.0,Chile
7020,CD Everton,2023,Primera categoría,6.0,45.0,30.0,42.0,39.0,9900000.0,291000.0,Chile
9103,CD Cobreloa,2020,Segunda categoría,9.0,32.0,23.0,34.0,29.0,5420000.0,143000.0,Chile
9982,Henan FC,2021,Primera categoría,10.0,18.0,14.0,13.0,14.0,11480000.0,359000.0,China
10586,Aris Limassol,2021,Primera categoría,5.0,36.0,22.0,23.0,20.0,13680000.0,342000.0,Chipre
10816,AO Ayia Napa,2020,,,,,,,1030000.0,47000.0,Chipre
2156,AEK Larnaca,2023,Primera categoría,3.0,52.0,26.0,44.0,26.0,12780000.0,355000.0,Chipre
45457,Pafos FC,2022,Primera categoría,4.0,50.0,26.0,48.0,20.0,20530000.0,604000.0,Chipre
4590,Ethnikos Achnas,2023,Primera categoría,10.0,26.0,26.0,39.0,56.0,7200000.0,189000.0,Chipre
786,AEL Limassol,2020,Primera categoría,2.0,55.0,26.0,45.0,23.0,12100000.0,318000.0,Chipre
10090,Asociación Deportivo Pasto,2020,Primera categoría,5.0,34.0,20.0,27.0,19.0,15180000.0,323000.0,Colombia
10090,Asociación Deportivo Pasto,2021,Primera categoría,19.0,16.0,20.0,13.0,28.0,19500000.0,348000.0,Colombia
10093,Independiente Medellín,2020,Primera categoría,14.0,20.0,20.0,22.0,28.0,19300000.0,378000.0,Colombia
10093,Independiente Medellín,2022,Primera categoría,4.0,34.0,20.0,25.0,19.0,15650000.0,435000.0,Colombia
10503,Deportes Tolima,2020,Primera categoría,2.0,37.0,20.0,30.0,16.0,22980000.0,638000.0,Colombia
10503,Deportes Tolima,2022,Primera categoría,14.0,26.0,20.0,23.0,22.0,22100000.0,460000.0,Colombia
10503,Deportes Tolima,2023,Primera categoría,4.0,37.0,20.0,23.0,17.0,20580000.0,457000.0,Colombia
11648,Independiente Santa Fe,2020,Primera categoría,1.0,40.0,20.0,34.0,17.0,14700000.0,432000.0,Colombia
11648,Independiente Santa Fe,2021,Primera categoría,14.0,25.0,20.0,21.0,22.0,21680000.0,516000.0,Colombia
11648,Independiente Santa Fe,2022,Primera categoría,1.0,34.0,20.0,25.0,26.0,18230000.0,414000.0,Colombia
11854,Junior de Barranquilla,2021,Primera categoría,4.0,33.0,20.0,25.0,21.0,25830000.0,662000.0,Colombia
11854,Junior de Barranquilla,2022,Primera categoría,5.0,32.0,20.0,30.0,21.0,30480000.0,762000.0,Colombia
13046,CD Real Cartagena,2020,,,,,,,4200000.0,81000.0,Colombia
13046,CD Real Cartagena,2021,Segunda categoría,9.0,20.0,15.0,21.0,23.0,2530000.0,63000.0,Colombia
17467,Internacional de Palmira,2021,Segunda categoría,5.0,23.0,15.0,16.0,12.0,9180000.0,146000.0,Colombia
17467,Internacional de Palmira,2022,Primera categoría,20.0,11.0,20.0,12.0,28.0,9430000.0,155000.0,Colombia
18231,Boyacá Patriotas FC,2023,Segunda categoría,9.0,21.0,16.0,19.0,19.0,4280000.0,110000.0,Colombia
20590,Águilas Doradas,2021,Primera categoría,13.0,25.0,20.0,24.0,25.0,16230000.0,406000.0,Colombia
20590,Águilas Doradas,2023,Primera categoría,1.0,44.0,20.0,35.0,12.0,13730000.0,327000.0,Colombia
22902,Alianza FC,2022,Primera categoría,17.0,17.0,20.0,24.0,32.0,9450000.0,230000.0,Colombia
2350,Millonarios FC,2022,Primera categoría,1.0,42.0,20.0,23.0,11.0,12250000.0,331000.0,Colombia
2352,CD América de Cali,2020,Primera categoría,7.0,33.0,20.0,31.0,22.0,15750000.0,404000.0,Colombia
2352,CD América de Cali,2022,Primera categoría,7.0,31.0,20.0,21.0,11.0,15280000.0,364000.0,Colombia
2352,CD América de Cali,2023,Primera categoría,3.0,37.0,20.0,35.0,19.0,17350000.0,403000.0,Colombia
6984,Once Caldas,2020,Primera categoría,11.0,29.0,20.0,23.0,20.0,12400000.0,376000.0,Colombia
6984,Once Caldas,2022,Primera categoría,10.0,30.0,20.0,21.0,18.0,15380000.0,394000.0,Colombia
7136,Envigado FC,2022,Primera categoría,15.0,26.0,20.0,22.0,22.0,4580000.0,106000.0,Colombia
8172,Atlético Nacional,2020,Primera categoría,3.0,35.0,20.0,39.0,31.0,24050000.0,573000.0,Colombia
8172,Atlético Nacional,2021,Primera categoría,1.0,42.0,20.0,32.0,13.0,26700000.0,742000.0,Colombia
8172,Atlético Nacional,2022,Primera categoría,9.0,30.0,20.0,31.0,25.0,18980000.0,463000.0,Colombia
9811,Deportivo Pereira,2021,Primera categoría,5.0,33.0,20.0,24.0,21.0,9730000.0,286000.0,Colombia
9811,Deportivo Pereira,2022,Primera categoría,5.0,32.0,20.0,26.0,21.0,7680000.0,207000.0,Colombia
9811,Deportivo Pereira,2023,Primera categoría,17.0,19.0,20.0,19.0,28.0,13150000.0,286000.0,Colombia
9961,Deportivo Cali,2020,Primera categoría,4.0,34.0,20.0,32.0,23.0,10050000.0,296000.0,Colombia
9961,Deportivo Cali,2021,Primera categoría,7.0,31.0,20.0,27.0,21.0,16800000.0,420000.0,Colombia
9961,Deportivo Cali,2022,Primera categoría,18.0,16.0,20.0,22.0,35.0,13000000.0,295000.0,Colombia
9961,Deportivo Cali,2023,Primera categoría,8.0,28.0,20.0,25.0,25.0,9980000.0,196000.0,Colombia
46292,Seoul E-Land,2022,Segunda categoría,7.0,48.0,40.0,46.0,47.0,8800000.0,238000.0,Corea del Sur
6478,LD Alajuelense,2021,Primera categoría,2.0,41.0,22.0,42.0,24.0,7300000.0,178000.0,Costa Rica
6478,LD Alajuelense,2022,Primera categoría,2.0,41.0,22.0,50.0,21.0,6300000.0,134000.0,Costa Rica
28990,NK BSK Bijelo Brdo,2020,Segunda categoría,3.0,55.0,34.0,52.0,40.0,3220000.0,101000.0,Croacia
206,Brøndby IF,2022,,,,,,,39250000.0,1090000.0,Dinamarca
17584,CD Universidad Católica,2020,Primera categoría,3.0,31.0,15.0,32.0,14.0,11950000.0,385000.0,Ecuador
17584,CD Universidad Católica,2022,,,,,,,9880000.0,329000.0,Ecuador
19101,AD Nueve de Octubre,2022,Primera categoría,16.0,9.0,15.0,15.0,26.0,11800000.0,268000.0,Ecuador
19304,Delfín SC,2020,,,,,,,16649999.999999998,490000.0,Ecuador
19304,Delfín SC,2021,Primera categoría,10.0,18.0,15.0,19.0,25.0,12050000.0,365000.0,Ecuador
19304,Delfín SC,2022,Primera categoría,7.0,22.0,15.0,16.0,18.0,9350000.0,246000.0,Ecuador
19304,Delfín SC,2023,Primera categoría,7.0,24.0,15.0,18.0,23.0,6450000.0,195000.0,Ecuador
19309,Independiente del Valle,2020,,,,,,,12230000.0,291000.0,Ecuador
19309,Independiente del Valle,2022,,,,,,,13750000.0,327000.0,Ecuador
3523,Barcelona SC Guayaquil,2020,,,,,,,17680000.0,478000.0,Ecuador
3523,Barcelona SC Guayaquil,2023,,,,,,,17640000.0,464000.0,Ecuador
36020,Orense SC,2020,Primera categoría,15.0,10.0,15.0,15.0,27.0,9400000.0,269000.0,Ecuador
4561,CS Emelec,2020,Primera categoría,12.0,16.0,15.0,20.0,22.0,16150000.0,538000.0,Ecuador
4561,CS Emelec,2021,Primera categoría,1.0,34.0,15.0,29.0,14.0,16450000.0,531000.0,Ecuador
4561,CS Emelec,2022,,,,,,,18500000.0,561000.0,Ecuador
4561,CS Emelec,2023,Primera categoría,13.0,14.0,15.0,18.0,20.0,21280000.0,575000.0,Ecuador
6362,SD Aucas,2020,Primera categoría,6.0,23.0,15.0,26.0,23.0,13000000.0,351000.0,Ecuador
6362,SD Aucas,2022,Primera categoría,5.0,26.0,15.0,23.0,17.0,11380000.0,299000.0,Ecuador
8781,Deportivo Cuenca,2020,Primera categoría,16.0,8.0,15.0,16.0,30.0,7430000.0,173000.0,Ecuador
8781,Deportivo Cuenca,2021,Primera categoría,11.0,16.0,15.0,14.0,18.0,10200000.0,309000.0,Ecuador
8781,Deportivo Cuenca,2022,Primera categoría,8.0,21.0,15.0,12.0,14.0,4530000.0,168000.0,Ecuador
9855,LDU Quito,2020,,,,,,,24480000.0,699000.0,Ecuador
9855,LDU Quito,2021,,,,,,,17230000.0,410000.0,Ecuador
9855,LDU Quito,2022,Primera categoría,3.0,29.0,15.0,26.0,22.0,19500000.0,464000.0,Ecuador
9855,LDU Quito,2023,Primera categoría,3.0,26.0,15.0,29.0,17.0,21980000.0,628000.0,Ecuador
161,Al-Wahda FC,2021,Primera categoría,3.0,53.0,26.0,51.0,25.0,23410000.0,498000.0,Emiratos Árabes Unidos
2150,Al-Ain FC,2023,Primera categoría,3.0,45.0,26.0,54.0,37.0,53330000.0,988000.0,Emiratos Árabes Unidos
38040,Al-Ittihad Kalba SC,2020,Primera categoría,8.0,39.0,26.0,29.0,39.0,12330000.0,280000.0,Emiratos Árabes Unidos
38040,Kalba FC,2022,Primera categoría,8.0,33.0,26.0,32.0,41.0,18280000.0,425000.0,Emiratos Árabes Unidos
38040,Kalba FC,2023,Primera categoría,10.0,26.0,26.0,39.0,50.0,21580000.0,449000.0,Emiratos Árabes Unidos
4785,FC Baniyas,2020,Primera categoría,2.0,54.0,26.0,50.0,22.0,17130000.0,519000.0,Emiratos Árabes Unidos
371,Celtic FC,2021,Primera categoría,1.0,82.0,33.0,78.0,19.0,126680000.0,2530000.0,Escocia
433,FC Koper,2020,Primera categoría,9.0,42.0,36.0,41.0,56.0,3950000.0,123000.0,Eslovenia
1049,Valencia CF,2020,Primera categoría,13.0,43.0,38.0,50.0,53.0,278850000.0,7970000.0,España
1049,Valencia CF,2022,Primera categoría,14.0,42.0,38.0,42.0,45.0,249780000.0,6240000.0,España
1050,Villarreal CF,2020,Primera categoría,7.0,58.0,38.0,60.0,44.0,292600000.0,8130000.000000001,España
1084,Málaga CF,2020,Segunda categoría,12.0,53.0,42.0,37.0,47.0,20280000.0,422000.0,España
1084,Málaga CF,2022,Segunda categoría,20.0,44.0,42.0,37.0,44.0,19250000.0,458000.0,España
1108,Deportivo Alavés,2021,Primera categoría,20.0,31.0,38.0,31.0,65.0,65349999.99999999,1520000.0,España
1108,Deportivo Alavés,2022,Segunda categoría,4.0,71.0,42.0,47.0,33.0,36080000.0,1000000.0,España
1108,Deportivo Alavés,2023,Primera categoría,10.0,46.0,38.0,36.0,46.0,123700000.0,3020000.0,España
13241,UD Ibiza,2020,,,,,,,5100000.0,189000.0,España
13241,UD Ibiza,2022,Segunda categoría,21.0,34.0,42.0,33.0,66.0,16480000.0,422000.0,España
150,Real Betis Balompié,2023,Primera categoría,7.0,57.0,38.0,48.0,45.0,224880000.0,5350000.0,España
1531,Elche CF,2020,Primera categoría,17.0,36.0,38.0,34.0,55.0,45650000.0,1110000.0,España
1531,Elche CF,2021,Primera categoría,13.0,42.0,38.0,40.0,52.0,72980000.0,1970000.0,España
1531,Elche CF,2022,Primera categoría,20.0,25.0,38.0,30.0,67.0,67500000.0,1690000.0,España
16486,CF Fuenlabrada,2020,Segunda categoría,11.0,54.0,42.0,45.0,46.0,14800000.0,435000.0,España
16795,Granada CF,2020,Primera categoría,10.0,46.0,38.0,47.0,65.0,122650000.0,2790000.0,España
237,RCD Mallorca,2022,Primera categoría,9.0,50.0,38.0,37.0,43.0,107000000.0,2820000.0,España
2448,Real Sporting de Gijón,2021,Segunda categoría,17.0,46.0,42.0,43.0,48.0,30250000.0,720000.0,España
2448,Real Sporting de Gijón,2023,Segunda categoría,5.0,65.0,42.0,51.0,42.0,31500000.0,768000.0,España
2497,Real Oviedo,2021,Segunda categoría,7.0,68.0,42.0,57.0,41.0,22600000.0,665000.0,España
2687,Cádiz CF,2020,Primera categoría,12.0,44.0,38.0,36.0,58.0,47650000.0,1160000.0,España
2687,Cádiz CF,2023,Primera categoría,18.0,33.0,38.0,26.0,55.0,60700000.0,1380000.0,España
3368,Levante UD,2022,Segunda categoría,3.0,72.0,42.0,46.0,30.0,44780000.0,1280000.0,España
366,Real Valladolid CF,2020,Primera categoría,19.0,31.0,38.0,34.0,57.0,63350000.0,1550000.0,España
367,Rayo Vallecano,2020,Segunda categoría,6.0,67.0,42.0,52.0,40.0,29850000.0,829000.0,España
368,Sevilla FC,2020,Primera categoría,4.0,77.0,38.0,53.0,33.0,418250000.0,11010000.0,España
368,Sevilla FC,2023,Primera categoría,13.0,41.0,38.0,48.0,54.0,228750000.0,4670000.0,España
3709,Getafe CF,2021,Primera categoría,15.0,39.0,38.0,33.0,41.0,208680000.0,4850000.0,España
472,UD Las Palmas,2020,Segunda categoría,9.0,56.0,42.0,46.0,53.0,20350000.0,485000.0,España
5358,SD Huesca,2020,Primera categoría,18.0,34.0,38.0,34.0,53.0,64099999.99999999,1890000.0,España
5358,SD Huesca,2021,Segunda categoría,13.0,54.0,42.0,49.0,44.0,29900000.0,787000.0,España
621,Athletic Club,2023,Primera categoría,5.0,68.0,38.0,61.0,37.0,295650000.0,9540000.0,España
7077,FC Cartagena,2022,Segunda categoría,9.0,58.0,42.0,47.0,49.0,19250000.0,470000.0,España
940,RC Celta de Vigo,2022,Primera categoría,13.0,43.0,38.0,43.0,53.0,138800000.0,3860000.0,España
1061,Los Ángeles Galaxy,2020,,,,,,,51480000.0,1780000.0,Estados Unidos
1061,Los Ángeles Galaxy,2021,,,,,,,30330000.0,978000.0,Estados Unidos
1247,Colorado Rapids,2022,,,,,,,30630000.0,1020000.0,Estados Unidos
218,San José Earthquakes,2020,,,,,,,18050000.0,602000.0,Estados Unidos
218,San José Earthquakes,2021,,,,,,,19030000.0,705000.0,Estados Unidos
218,San José Earthquakes,2022,,,,,,,27780000.0,958000.0,Estados Unidos
40058,New York City FC,2021,,,,,,,31630000.0,1130000.0,Estados Unidos
40058,New York City FC,2022,,,,,,,43280000.0,1490000.0,Estados Unidos
4078,CF Montréal,2020,,,,,,,40330000.0,1060000.0,Estados Unidos
4078,CF Montréal,2022,,,,,,,26180000.0,935000.0,Estados Unidos
4284,Sporting Kansas City,2020,,,,,,,29650000.0,927000.0,Estados Unidos
4291,Portland Timbers,2020,,,,,,,31700000.0,1090000.0,Estados Unidos
4291,Portland Timbers,2021,,,,,,,28200000.0,972000.0,Estados Unidos
4291,Portland Timbers,2022,,,,,,,26680000.0,889000.0,Estados Unidos
432,Chicago Fire FC,2020,,,,,,,19750000.0,617000.0,Estados Unidos
45604,Orlando City SC,2020,,,,,,,24480000.0,816000.0,Estados Unidos
45604,Orlando City SC,2021,,,,,,,32800000.0,994000.0,Estados Unidos
51663,Atlanta United FC,2020,,,,,,,57350000.0,1510000.0,Estados Unidos
51663,Atlanta United FC,2022,,,,,,,71750000.0,2050000.0,Estados Unidos
52910,San Antonio FC,2021,Segunda categoría,3.0,52.0,32.0,50.0,38.0,6650000.0,215000.0,Estados Unidos
56089,Minnesota United FC,2020,,,,,,,23800000.0,721000.0,Estados Unidos
56089,Minnesota United FC,2023,Primera categoría,11.0,41.0,34.0,46.0,51.0,40930000.0,1170000.0,Estados Unidos
626,New England Revolution,2022,,,,,,,34080000.0,1000000.0,Estados Unidos
626,New England Revolution,2023,Primera categoría,5.0,55.0,34.0,58.0,46.0,50130000.0,1390000.0,Estados Unidos
6321,Vancouver Whitecaps FC,2021,,,,,,,19780000.0,618000.0,Estados Unidos
6321,Vancouver Whitecaps FC,2022,,,,,,,34180000.0,876000.0,Estados Unidos
69261,Inter Miami CF,2020,,,,,,,115250000.0,3290000.0,Estados Unidos
69261,Inter Miami CF,2021,,,,,,,94200000.0,3360000.0,Estados Unidos
69261,Inter Miami CF,2022,,,,,,,42750000.0,1260000.0,Estados Unidos
72309,Austin FC,2022,,,,,,,34900000.0,1290000.0,Estados Unidos
78435,Charlotte FC,2021,,,,,,,,,Estados Unidos
78435,Charlotte FC,2023,Primera categoría,9.0,43.0,34.0,45.0,52.0,38480000.0,1100000.0,Estados Unidos
8816,FC Dallas,2020,,,,,,,15980000.0,456000.0,Estados Unidos
8816,FC Dallas,2021,,,,,,,22680000.0,756000.0,Estados Unidos
8816,FC Dallas,2022,,,,,,,30000000.0,1030000.0,Estados Unidos
9168,Houston Dynamo,2020,,,,,,,20280000.0,634000.0,Estados Unidos
9636,Seattle Sounders FC,2022,,,,,,,36950000.0,1230000.0,Estados Unidos
1082,LOSC Lille,2022,Primera categoría,5.0,67.0,38.0,65.0,44.0,247950000.0,7510000.0,Francia
244,Olympique de Marsella,2020,Primera categoría,5.0,60.0,38.0,54.0,47.0,247950000.0,6700000.0,Francia
415,Toulouse FC,2020,Segunda categoría,3.0,70.0,38.0,71.0,42.0,58830000.0,1370000.0,Francia
9371,Toulouse FC B,2020,Quinta categoría,10.0,6.0,5.0,13.0,10.0,7780000.0,278000.0,Francia
41310,FC Telavi,2023,Primera categoría,8.0,37.0,36.0,34.0,62.0,8130000.000000001,145000.0,Georgia
2441,AEK Atenas FC,2020,Primera categoría,3.0,48.0,26.0,41.0,29.0,40150000.0,1120000.0,Grecia
265,Panathinaikos FC,2020,Primera categoría,5.0,45.0,26.0,30.0,19.0,28600000.0,773000.0,Grecia
265,Panathinaikos FC,2023,Primera categoría,4.0,56.0,26.0,62.0,21.0,73180000.0,1830000.0,Grecia
2671,PAS Giannina,2021,Primera categoría,6.0,40.0,26.0,28.0,24.0,10450000.0,360000.0,Grecia
2671,PAS Giannina,2023,Primera categoría,14.0,18.0,26.0,25.0,48.0,9530000.0,257000.0,Grecia
2672,APO Levadiakos,2021,Segunda categoría,1.0,72.0,32.0,68.0,19.0,7330000.0,253000.0,Grecia
2672,APO Levadiakos,2022,Primera categoría,13.0,17.0,26.0,14.0,38.0,11680000.0,299000.0,Grecia
3060,Atromitos FC,2020,Primera categoría,10.0,28.0,26.0,24.0,35.0,12150000.0,368000.0,Grecia
4603,AE Larisa,2022,Segunda categoría,2.0,58.0,28.0,50.0,19.0,5300000.0,171000.0,Grecia
4603,AE Larisa,2023,Segunda categoría,2.0,17.0,8.0,11.0,6.0,5930000.0,156000.0,Grecia
60949,Volos NPS,2020,Primera categoría,7.0,33.0,26.0,26.0,32.0,10850000.0,339000.0,Grecia
60949,Volos NPS,2022,Primera categoría,6.0,39.0,26.0,31.0,38.0,16649999.999999998,438000.0,Grecia
60949,Volos NPS,2023,Primera categoría,13.0,19.0,26.0,24.0,52.0,13900000.0,376000.0,Grecia
6418,Panetolikos GFS,2020,Primera categoría,12.0,20.0,26.0,13.0,32.0,9780000.0,279000.0,Grecia
6418,Panetolikos GFS,2021,Primera categoría,9.0,32.0,26.0,27.0,39.0,10250000.0,320000.0,Grecia
6418,Panetolikos GFS,2023,Primera categoría,12.0,20.0,26.0,26.0,46.0,13630000.0,413000.0,Grecia
6676,Asteras Tripolis,2020,Primera categoría,6.0,42.0,26.0,27.0,25.0,10450000.0,317000.0,Grecia
683,Olympiacos El Pireo,2020,Primera categoría,1.0,67.0,26.0,64.0,13.0,113700000.0,2640000.0,Grecia
683,Olympiacos El Pireo,2022,Primera categoría,3.0,56.0,26.0,53.0,14.0,136730000.0,2630000.0,Grecia
683,Olympiacos El Pireo,2023,Primera categoría,3.0,57.0,26.0,58.0,24.0,133700000.0,2910000.0,Grecia
9,PS Kalamata,2023,Segunda categoría,2.0,15.0,7.0,17.0,7.0,6430000.0,153000.0,Grecia
91870,AEK Atenas B,2023,Segunda categoría,11.0,4.0,6.0,7.0,10.0,7300000.0,162000.0,Grecia
9708,CD Motagua Tegucigalpa,2022,Primera categoría,2.0,32.0,18.0,32.0,24.0,5330000.0,121000.0,Honduras
279,Ferencvárosi TC,2020,Primera categoría,1.0,78.0,33.0,69.0,22.0,34010000.0,773000.0,Hungría
279,Ferencvárosi TC,2022,Primera categoría,1.0,63.0,33.0,62.0,33.0,50960000.0,1040000.0,Hungría
45274,Mumbai City FC,2021,Primera categoría,5.0,31.0,20.0,36.0,31.0,5230000.0,163000.0,India
45277,Kerala Blasters FC,2021,Primera categoría,4.0,34.0,20.0,34.0,24.0,5280000.0,151000.0,India
1010,Watford FC,2022,Segunda categoría,11.0,63.0,46.0,56.0,53.0,155400000.0,3110000.0,Inglaterra
11,Arsenal,2021,Primera categoría,5.0,69.0,38.0,61.0,48.0,613050000.0,14950000.0,Inglaterra
11,Arsenal,2022,Primera categoría,2.0,84.0,38.0,88.0,43.0,1000000000.0,23830000.0,Inglaterra
11,Arsenal,2023,Primera categoría,2.0,89.0,38.0,91.0,29.0,1200000000.0,30080000.0,Inglaterra
1237,Brighton & Hove Albion,2021,Primera categoría,9.0,51.0,38.0,42.0,44.0,318000000.0,7400000.0,Inglaterra
1237,Brighton & Hove Albion,2022,Primera categoría,6.0,62.0,38.0,72.0,53.0,529800000.0,12610000.0,Inglaterra
148,Tottenham Hotspur,2022,Primera categoría,8.0,60.0,38.0,70.0,63.0,649100000.0,19090000.0,Inglaterra
180,Southampton FC,2021,Primera categoría,15.0,40.0,38.0,43.0,67.0,274300000.0,8310000.000000001,Inglaterra
281,Manchester City,2020,Primera categoría,1.0,86.0,38.0,83.0,32.0,1040000000.0,29010000.0,Inglaterra
281,Manchester City,2021,Primera categoría,1.0,93.0,38.0,99.0,26.0,1000000000.0,25740000.0,Inglaterra
281,Manchester City,2022,Primera categoría,1.0,89.0,38.0,94.0,33.0,1150000000.0,33700000.0,Inglaterra
29,Everton FC,2021,Primera categoría,16.0,39.0,38.0,43.0,66.0,479050000.0,11410000.0,Inglaterra
29,Everton FC,2022,Primera categoría,17.0,36.0,38.0,34.0,57.0,413150000.0,10330000.0,Inglaterra
379,West Ham United,2022,Primera categoría,14.0,40.0,38.0,42.0,55.0,465750000.0,10590000.0,Inglaterra
631,Chelsea FC,2023,Primera categoría,6.0,63.0,38.0,77.0,63.0,1010000000.0,18120000.0,Inglaterra
641,Middlesbrough FC,2020,Segunda categoría,10.0,64.0,46.0,55.0,53.0,59050000.0,1440000.0,Inglaterra
703,Nottingham Forest,2023,Primera categoría,17.0,32.0,38.0,49.0,67.0,501350000.0,10900000.0,Inglaterra
9265,Manchester City U23,2020,,,,,,,19000000.0,404000.0,Inglaterra
6076,Foolad FC,2022,Primera categoría,7.0,40.0,30.0,27.0,26.0,10030000.0,264000.0,Irán
2976,Hapoel Beer Sheva,2020,Primera categoría,5.0,37.0,26.0,31.0,29.0,12780000.0,328000.0,Israel
3785,Maccabi Petah Tikva,2020,Primera categoría,6.0,37.0,26.0,24.0,23.0,10900000.0,321000.0,Israel
1025,Bolonia,2022,Primera categoría,9.0,54.0,38.0,53.0,49.0,153630000.0,4040000.0,Italia
1025,Bolonia,2023,Primera categoría,5.0,68.0,38.0,54.0,32.0,349300000.0,9440000.0,Italia
1038,UC Sampdoria,2022,Primera categoría,20.0,19.0,38.0,24.0,71.0,82960000.0,1730000.0,Italia
130,Parma,2020,Primera categoría,20.0,20.0,38.0,39.0,83.0,128700000.0,2430000.0,Italia
1390,Cagliari,2020,Primera categoría,16.0,37.0,38.0,43.0,59.0,187830000.0,4470000.0,Italia
1390,Cagliari,2021,Primera categoría,18.0,30.0,38.0,34.0,68.0,134530000.0,2920000.0,Italia
20519,Virtus Entella,2022,Tercera categoría,3.0,79.0,38.0,60.0,31.0,7130000.0,178000.0,Italia
2239,US Cremonese,2022,Primera categoría,19.0,27.0,38.0,36.0,69.0,83780000.0,1990000.0,Italia
2331,US Avellino 1912,2022,Tercera categoría,14.0,43.0,38.0,42.0,49.0,6700000.0,146000.0,Italia
252,Génova,2020,Primera categoría,11.0,42.0,38.0,47.0,58.0,111930000.0,2540000.0,Italia
252,Génova,2022,Segunda categoría,2.0,73.0,38.0,53.0,28.0,67980000.0,1480000.0,Italia
276,Hellas Verona,2022,Primera categoría,18.0,31.0,38.0,31.0,59.0,123890000.0,2690000.0,Italia
2921,Delfino Pescara 1936,2021,Tercera categoría,5.0,65.0,38.0,56.0,41.0,7930000.0,193000.0,Italia
3522,Spezia,2022,Primera categoría,17.0,31.0,38.0,31.0,62.0,115810000.0,2410000.0,Italia
380,US Salernitana 1919,2023,Primera categoría,20.0,17.0,38.0,32.0,81.0,94600000.0,1890000.0,Italia
4031,Cosenza Calcio,2021,Segunda categoría,16.0,35.0,38.0,36.0,59.0,18030000.0,368000.0,Italia
4031,Cosenza Calcio,2023,Segunda categoría,9.0,47.0,38.0,47.0,42.0,20850000.0,596000.0,Italia
4083,FC Crotone,2021,Segunda categoría,19.0,26.0,38.0,41.0,61.0,27180000.0,578000.0,Italia
410,Udinese,2022,Primera categoría,12.0,46.0,38.0,47.0,48.0,188860000.0,4970000.0,Italia
430,Fiorentina,2022,Primera categoría,8.0,56.0,38.0,53.0,43.0,258800000.0,6810000.0,Italia
430,Fiorentina,2023,Primera categoría,8.0,60.0,38.0,61.0,46.0,284100000.0,6930000.0,Italia
46,Inter de Milán,2022,Primera categoría,3.0,72.0,38.0,71.0,42.0,567550000.0,16219999.999999998,Italia
46,Inter de Milán,2023,Primera categoría,1.0,94.0,38.0,89.0,22.0,654850000.0,18710000.0,Italia
46865,Sancataldese Calcio,2020,,,,,,,,,Italia
5,AC Milan,2022,Primera categoría,4.0,70.0,38.0,64.0,43.0,545100000.0,15140000.0,Italia
607,Venezia FC,2021,Primera categoría,20.0,27.0,38.0,34.0,69.0,80980000.0,1590000.0,Italia
1022,Cerezo Osaka,2020,Primera categoría,4.0,60.0,34.0,46.0,37.0,17700000.0,443000.0,Japón
6395,Vegalta Sendai,2020,Primera categoría,17.0,28.0,34.0,36.0,61.0,12700000.0,343000.0,Japón
49149,FK Panevezys,2021,Primera categoría,4.0,60.0,36.0,55.0,40.0,2850000.0,86000.0,Lituania
11914,FC Differdange 03,2023,Primera categoría,1.0,66.0,30.0,70.0,23.0,3010000.0,81000.0,Luxemburgo
15817,Johor Darul Ta'zim,2022,Primera categoría,1.0,76.0,26.0,100.0,7.0,10850000.0,293000.0,Malasia
10605,Marsaxlokk FC,2021,,,,,,,630000.0,20000.0,Malta
10605,Marsaxlokk FC,2022,Primera categoría,11.0,25.0,26.0,28.0,38.0,3400000.0,106000.0,Malta
10091,Dorados de Sinaloa,2020,Segunda categoría,11.0,18.0,15.0,15.0,16.0,9830000.0,273000.0,México
110455,CD Cruz Azul U23,2022,,,,,,,,,México
1146,Club Necaxa,2022,Primera categoría,12.0,19.0,17.0,19.0,26.0,44580000.0,841000.0,México
1146,Club Necaxa,2023,Primera categoría,18.0,15.0,17.0,18.0,27.0,54200000.0,1130000.0,México
13353,Club Tijuana,2020,Primera categoría,14.0,20.0,17.0,19.0,21.0,54900000.0,1190000.0,México
13353,Club Tijuana,2021,Primera categoría,17.0,17.0,17.0,14.0,26.0,40300000.0,983000.0,México
13353,Club Tijuana,2022,Primera categoría,15.0,16.0,17.0,19.0,29.0,50850000.0,978000.0,México
1403,Santos Laguna,2022,Primera categoría,3.0,33.0,17.0,38.0,21.0,84600000.0,1920000.0,México
1403,Santos Laguna,2023,Primera categoría,9.0,23.0,17.0,31.0,34.0,72200000.0,1470000.0,México
1804,Deportivo Toluca FC,2020,Primera categoría,11.0,21.0,17.0,23.0,28.0,36100000.0,950000.0,México
1804,Deportivo Toluca FC,2022,Primera categoría,6.0,27.0,17.0,27.0,23.0,85800000.0,1870000.0,México
1804,Deportivo Toluca FC,2023,Primera categoría,12.0,21.0,17.0,23.0,19.0,85400000.0,1940000.0,México
2407,CF Monterrey,2020,Primera categoría,5.0,29.0,17.0,26.0,21.0,91100000.0,2340000.0,México
2407,CF Monterrey,2021,Primera categoría,9.0,22.0,17.0,19.0,16.0,88500000.0,2460000.0,México
2407,CF Monterrey,2022,Primera categoría,2.0,35.0,17.0,29.0,13.0,102250000.0,2320000.0,México
2407,CF Monterrey,2023,Primera categoría,2.0,33.0,17.0,27.0,15.0,103250000.0,1910000.0,México
30111,Alebrijes de Oaxaca,2023,Segunda categoría,9.0,19.0,14.0,18.0,22.0,9380000.0,177000.0,México
33203,Celaya FC,2020,Segunda categoría,1.0,35.0,15.0,21.0,10.0,9300000.0,310000.0,México
3631,CF América,2020,Primera categoría,3.0,32.0,17.0,31.0,22.0,85300000.0,2030000.0,México
3631,CF América,2021,Primera categoría,1.0,35.0,17.0,21.0,10.0,94500000.0,1850000.0,México
3631,CF América,2022,Primera categoría,1.0,38.0,17.0,38.0,17.0,100680000.0,2140000.0,México
3711,CD Cruz Azul,2020,Primera categoría,4.0,29.0,17.0,23.0,16.0,75500000.0,1760000.0,México
3711,CD Cruz Azul,2021,Primera categoría,8.0,23.0,17.0,21.0,17.0,94200000.0,2090000.0,México
3711,CD Cruz Azul,2022,Primera categoría,7.0,24.0,17.0,26.0,34.0,91600000.0,2080000.0,México
3711,CD Cruz Azul,2023,Primera categoría,16.0,17.0,17.0,21.0,29.0,95950000.0,2000000.0,México
40188,Atlético de San Luis,2020,Primera categoría,17.0,12.0,17.0,20.0,33.0,40300000.0,896000.0,México
40188,Atlético de San Luis,2021,Primera categoría,10.0,23.0,17.0,21.0,22.0,37750000.0,968000.0,México
40188,Atlético de San Luis,2022,Primera categoría,12.0,19.0,17.0,16.0,21.0,44750000.0,932000.0,México
4035,CF Pachuca,2020,Primera categoría,9.0,25.0,17.0,18.0,14.0,45800000.0,1020000.0,México
4035,CF Pachuca,2022,Primera categoría,4.0,32.0,17.0,28.0,15.0,86500000.0,1840000.0,México
49283,FC Juárez,2020,Primera categoría,16.0,15.0,17.0,13.0,29.0,29300000.0,698000.0,México
49283,FC Juárez,2021,Primera categoría,18.0,11.0,17.0,10.0,28.0,37280000.0,810000.0,México
49283,FC Juárez,2022,Primera categoría,16.0,15.0,17.0,17.0,25.0,51700000.0,907000.0,México
49283,FC Juárez,2023,Primera categoría,12.0,16.0,17.0,19.0,26.0,41050000.0,821000.0,México
4941,Club León FC,2020,Primera categoría,1.0,40.0,17.0,27.0,14.0,63300000.0,1350000.0,México
4941,Club León FC,2021,Primera categoría,3.0,29.0,17.0,20.0,14.0,47250000.0,1280000.0,México
4961,Querétaro FC,2020,Primera categoría,17.0,13.0,17.0,23.0,28.0,20800000.0,484000.0,México
4961,Querétaro FC,2021,Primera categoría,16.0,17.0,17.0,18.0,21.0,27530000.0,612000.0,México
4961,Querétaro FC,2023,Primera categoría,10.0,24.0,17.0,22.0,21.0,40100000.0,786000.0,México
5623,Club Atlético Morelia,2022,Segunda categoría,6.0,26.0,17.0,23.0,17.0,13050000.0,303000.0,México
5662,Club Puebla,2020,Primera categoría,12.0,20.0,17.0,22.0,25.0,32880000.000000004,765000.0,México
5662,Club Puebla,2022,Primera categoría,8.0,22.0,17.0,25.0,23.0,49100000.0,1090000.0,México
5662,Club Puebla,2023,Primera categoría,18.0,5.0,17.0,18.0,43.0,34100000.0,832000.0,México
7633,Pumas UNAM ,2021,Primera categoría,11.0,21.0,17.0,17.0,23.0,37150000.0,885000.0,México
7633,Pumas UNAM ,2022,Primera categoría,16.0,14.0,17.0,21.0,31.0,45000000.0,900000.0,México
7633,Pumas UNAM ,2023,Primera categoría,4.0,28.0,17.0,27.0,18.0,57400000.0,1370000.0,México
82696,Mazatlán FC,2020,Primera categoría,13.0,21.0,17.0,19.0,26.0,34000000.0,810000.0,México
82696,Mazatlán FC,2022,Primera categoría,18.0,7.0,17.0,19.0,41.0,42700000.0,837000.0,México
83082,Cancún FC,2020,Segunda categoría,8.0,21.0,15.0,15.0,17.0,9750000.0,244000.0,México
8590,Atlas Guadalajara,2020,Primera categoría,16.0,14.0,17.0,13.0,20.0,48100000.0,1170000.0,México
8590,Atlas Guadalajara,2021,Primera categoría,2.0,29.0,17.0,21.0,10.0,60400000.0,1680000.0,México
8590,Atlas Guadalajara,2022,Primera categoría,17.0,13.0,17.0,16.0,27.0,54050000.0,1350000.0,México
8590,Atlas Guadalajara,2023,Primera categoría,17.0,17.0,17.0,14.0,24.0,40230000.0,874000.0,México
28218,Independiente,2021,,,,,,,1530000.0,31000.0,Panamá
28218,Independiente,2022,Primera categoría,2.0,26.0,16.0,23.0,20.0,400000.0,8000.0,Panamá
28218,Independiente,2023,Primera categoría,1.0,30.0,16.0,33.0,17.0,3340000.0,71000.0,Panamá
28218,Independiente,2024,Primera categoría,1.0,8.0,5.0,8.0,5.0,3060000.0,113000.0,Panamá
48217,Veraguas United FC,2021,,,,,,,1050000.0,26000.0,Panamá
11855,Club Guaraní,2020,Primera categoría,4.0,41.0,22.0,30.0,16.0,13300000.0,391000.0,Paraguay
11855,Club Guaraní,2021,,,,,,,7400000.0,185000.0,Paraguay
11855,Club Guaraní,2022,Primera categoría,4.0,32.0,22.0,30.0,24.0,11700000.0,244000.0,Paraguay
11855,Club Guaraní,2023,Primera categoría,4.0,33.0,22.0,29.0,24.0,11430000.0,243000.0,Paraguay
1214,Club Cerro Porteño,2020,Primera categoría,1.0,50.0,22.0,37.0,14.0,13300000.0,289000.0,Paraguay
1214,Club Cerro Porteño,2021,,,,,,,11350000.0,247000.0,Paraguay
1214,Club Cerro Porteño,2022,Primera categoría,2.0,50.0,22.0,38.0,13.0,20680000.0,470000.0,Paraguay
1214,Club Cerro Porteño,2023,Primera categoría,2.0,41.0,22.0,40.0,29.0,36800000.0,767000.0,Paraguay
14491,Club Sol de América,2020,Primera categoría,10.0,19.0,22.0,23.0,40.0,9400000.0,214000.0,Paraguay
14491,Club Sol de América,2021,Primera categoría,9.0,14.0,18.0,18.0,28.0,13480000.0,254000.0,Paraguay
14491,Club Sol de América,2022,Primera categoría,7.0,25.0,22.0,20.0,28.0,11680000.0,238000.0,Paraguay
14491,Club Sol de América,2023,,,,,,,,,Paraguay
17427,Club Sportivo Trinidense,2023,Primera categoría,7.0,27.0,22.0,34.0,35.0,3530000.0,95000.0,Paraguay
17484,Club Sportivo 2 de Mayo,2023,,,,,,,,,Paraguay
629,Club Olimpia Asunción,2020,Primera categoría,2.0,45.0,22.0,54.0,20.0,25550000.0,639000.0,Paraguay
629,Club Olimpia Asunción,2021,,,,,,,21950000.0,430000.0,Paraguay
629,Club Olimpia Asunción,2022,Primera categoría,3.0,43.0,22.0,41.0,23.0,17550000.0,344000.0,Paraguay
629,Club Olimpia Asunción,2023,Primera categoría,6.0,31.0,22.0,32.0,26.0,18780000.0,427000.0,Paraguay
6880,Tacuary Football Club,2022,Primera categoría,10.0,22.0,22.0,16.0,29.0,2000000.0,47000.0,Paraguay
7098,Club Nacional Asunción,2020,Primera categoría,7.0,25.0,22.0,22.0,22.0,4700000.0,100000.0,Paraguay
7098,Club Nacional Asunción,2021,Primera categoría,3.0,30.0,18.0,26.0,19.0,3400000.0,106000.0,Paraguay
7098,Club Nacional Asunción,2022,Primera categoría,6.0,26.0,22.0,27.0,32.0,4330000.0,131000.0,Paraguay
7098,Club Nacional Asunción,2023,Primera categoría,5.0,33.0,22.0,23.0,21.0,7800000.0,181000.0,Paraguay
7656,Sportivo Luqueño,2020,Primera categoría,8.0,25.0,22.0,22.0,32.0,5430000.0,97000.0,Paraguay
7656,Sportivo Luqueño,2022,,,,,,,1980000.0,86000.0,Paraguay
7656,Sportivo Luqueño,2023,Primera categoría,8.0,27.0,22.0,27.0,28.0,7250000.0,181000.0,Paraguay
95571,Sportivo Ameliano,2022,Primera categoría,11.0,19.0,22.0,25.0,38.0,3580000.0,72000.0,Paraguay
95571,Sportivo Ameliano,2023,Primera categoría,7.0,30.0,22.0,27.0,28.0,5730000.0,124000.0,Paraguay
95573,Club General Caballero (JLM),2021,,,,,,,,,Paraguay
95573,Club General Caballero (JLM),2022,Primera categoría,9.0,23.0,22.0,23.0,33.0,3100000.0,62000.0,Paraguay
95573,Club General Caballero (JLM),2023,Primera categoría,9.0,24.0,22.0,21.0,28.0,4300000.0,110000.0,Paraguay
9875,Club Libertad Asunción,2020,Primera categoría,3.0,44.0,22.0,43.0,23.0,24130000.0,731000.0,Paraguay
9875,Club Libertad Asunción,2021,,,,,,,35700000.0,915000.0,Paraguay
9875,Club Libertad Asunción,2022,Primera categoría,1.0,57.0,22.0,49.0,14.0,30330000.0,798000.0,Paraguay
234,Feyenoord,2021,Primera categoría,3.0,71.0,34.0,76.0,34.0,180380000.0,4010000.0,Países Bajos
383,PSV Eindhoven,2022,Primera categoría,2.0,75.0,34.0,89.0,40.0,315650000.0,7170000.0,Países Bajos
11247,Academia Deportiva Cantolao,2022,Primera categoría,16.0,15.0,18.0,18.0,32.0,4900000.0,140000.0,Perú
1450,Club Sporting Cristal,2020,Primera categoría,3.0,33.0,19.0,38.0,23.0,5850000.0,183000.0,Perú
1450,Club Sporting Cristal,2022,Primera categoría,3.0,38.0,18.0,35.0,20.0,11380000.0,367000.0,Perú
17479,Alianza Atlético Sullana,2022,Primera categoría,8.0,30.0,18.0,26.0,27.0,4830000.0,142000.0,Perú
17974,Deportivo Municipal,2020,Primera categoría,14.0,21.0,19.0,20.0,24.0,3450000.0,123000.0,Perú
184,Club Alianza Lima,2021,Primera categoría,1.0,40.0,17.0,27.0,11.0,11130000.0,348000.0,Perú
184,Club Alianza Lima,2022,Primera categoría,4.0,33.0,18.0,28.0,16.0,13380000.0,382000.0,Perú
184,Club Alianza Lima,2023,Primera categoría,1.0,42.0,18.0,37.0,16.0,14580000.0,374000.0,Perú
19520,Carlos A. Mannucci,2022,Primera categoría,12.0,20.0,18.0,19.0,22.0,7880000.0,263000.0,Perú
21170,Universidad Técnica de Cajamarca,2023,Primera categoría,15.0,21.0,18.0,16.0,22.0,5800000.0,223000.0,Perú
2729,Club Cienciano,2020,Primera categoría,10.0,27.0,19.0,27.0,23.0,5130000.0,135000.0,Perú
2729,Club Cienciano,2022,Primera categoría,5.0,32.0,18.0,37.0,22.0,6180000.0,221000.0,Perú
2730,Sport Boys Association,2022,Primera categoría,14.0,18.0,18.0,17.0,32.0,5330000.0,157000.0,Perú
2730,Sport Boys Association,2023,Primera categoría,18.0,18.0,18.0,13.0,26.0,6530000.0,181000.0,Perú
2734,FBC Melgar,2020,Primera categoría,8.0,28.0,19.0,23.0,20.0,8080000.0,260000.0,Perú
2734,FBC Melgar,2021,Primera categoría,4.0,31.0,17.0,34.0,15.0,8130000.000000001,262000.0,Perú
27861,Club Atlético Grau,2020,Primera categoría,19.0,17.0,19.0,17.0,27.0,5380000.0,149000.0,Perú
27861,Club Atlético Grau,2021,Segunda categoría,2.0,39.0,22.0,39.0,24.0,4330000.0,140000.0,Perú
28999,Cusco FC,2022,Segunda categoría,1.0,58.0,24.0,47.0,16.0,4730000.0,163000.0,Perú
35588,Asociación Deportiva Tarma,2022,Primera categoría,15.0,16.0,18.0,14.0,24.0,4500000.0,141000.0,Perú
4576,Club Juan Aurich,2020,Segunda categoría,4.0,16.0,9.0,14.0,12.0,1030000.0,33000.0,Perú
6593,Universitario de Deportes,2021,,,,,,,7880000.0,239000.0,Perú
6361,TS Podbeskidzie Bielsko-Biala,2022,Segunda categoría,7.0,49.0,34.0,56.0,47.0,5400000.0,169000.0,Polonia
10330,SL Benfica B,2022,Segunda categoría,15.0,38.0,34.0,52.0,58.0,121600000.0,2830000.0,Portugal
1301,CS Marítimo,2021,Primera categoría,10.0,38.0,34.0,39.0,44.0,16100000.000000002,488000.0,Portugal
1301,CS Marítimo,2022,Primera categoría,16.0,26.0,34.0,32.0,63.0,16530000.000000002,352000.0,Portugal
2423,CD Santa Clara,2023,Segunda categoría,1.0,73.0,34.0,48.0,19.0,15630000.0,411000.0,Portugal
2425,Rio Ave FC,2023,Primera categoría,11.0,37.0,34.0,38.0,43.0,26200000.0,749000.0,Portugal
2503,Boavista Porto FC,2020,Primera categoría,13.0,36.0,34.0,39.0,49.0,35150000.0,1100000.0,Portugal
294,SL Benfica,2021,Primera categoría,3.0,74.0,34.0,78.0,30.0,310180000.0,7570000.0,Portugal
294,SL Benfica,2022,Primera categoría,1.0,87.0,34.0,82.0,20.0,477580000.0,11110000.0,Portugal
294,SL Benfica,2023,Primera categoría,2.0,80.0,34.0,77.0,28.0,427600000.0,10430000.0,Portugal
3329,FC Famalicão,2020,Primera categoría,9.0,40.0,34.0,40.0,48.0,64930000.00000001,1480000.0,Portugal
3329,FC Famalicão,2022,Primera categoría,8.0,44.0,34.0,39.0,47.0,51850000.0,1330000.0,Portugal
336,Sporting de Lisboa,2021,Primera categoría,2.0,85.0,34.0,73.0,23.0,337730000.0,8890000.0,Portugal
7179,CD Tondela,2020,Primera categoría,12.0,36.0,34.0,36.0,57.0,13600000.0,523000.0,Portugal
720,FC Oporto,2022,Primera categoría,2.0,85.0,34.0,73.0,22.0,284550000.0,8620000.0,Portugal
7788,Académico Viseu FC,2023,Segunda categoría,11.0,43.0,34.0,36.0,38.0,11380000.0,284000.0,Portugal
8024,FC Arouca,2020,Segunda categoría,3.0,65.0,34.0,45.0,25.0,7030000.0,227000.0,Portugal
814,FK Teplice,2021,Primera categoría,12.0,27.0,30.0,29.0,49.0,7660000.0,167000.0,República Checa
1007,FC U Craiova 1948,2022,Primera categoría,7.0,40.0,30.0,34.0,33.0,15650000.0,391000.0,Rumania
1007,FC U Craiova 1948,2023,Primera categoría,13.0,31.0,30.0,43.0,50.0,9780000.0,251000.0,Rumania
40843,FC Voluntari,2023,Primera categoría,15.0,28.0,30.0,31.0,49.0,9730000.0,256000.0,Rumania
8818,FC Botoșani,2021,Primera categoría,7.0,46.0,30.0,33.0,28.0,14330000.0,333000.0,Rumania
8818,FC Botoșani,2022,Primera categoría,13.0,32.0,30.0,29.0,44.0,11200000.0,243000.0,Rumania
14589,FK Orenburg,2021,Segunda categoría,3.0,74.0,38.0,64.0,37.0,12650000.0,351000.0,Rusia
14589,FK Orenburg,2022,Primera categoría,7.0,46.0,30.0,58.0,55.0,24500000.0,721000.0,Rusia
232, FC Spartak de Moscú,2023,Primera categoría,5.0,50.0,30.0,41.0,32.0,88050000.0,2450000.0,Rusia
2410,CSKA Moscú,2021,Primera categoría,5.0,50.0,30.0,42.0,29.0,139430000.0,3670000.0,Rusia
2696,Krylya Sovetov Samara,2021,Primera categoría,8.0,41.0,30.0,39.0,36.0,40250000.0,1060000.0,Rusia
2696,Krylya Sovetov Samara,2023,Primera categoría,9.0,41.0,30.0,46.0,44.0,49000000.0,1200000.0,Rusia
2741,Baltika Kaliningrad,2022,Segunda categoría,2.0,67.0,34.0,56.0,30.0,10450000.0,373000.0,Rusia
3725,Akhmat Grozny,2023,Primera categoría,10.0,35.0,30.0,33.0,45.0,29000000.0,853000.0,Rusia
41231,FK Sochi,2020,Primera categoría,5.0,53.0,30.0,49.0,33.0,37700000.0,1050000.0,Rusia
932,Lokomotiv Moscú,2022,Primera categoría,8.0,45.0,30.0,54.0,46.0,90980000.0,2020000.0,Rusia
964,Zenit de San Petersburgo,2020,Primera categoría,1.0,65.0,30.0,76.0,26.0,177650000.0,4930000.0,Rusia
964,Zenit de San Petersburgo,2023,Primera categoría,1.0,57.0,30.0,52.0,27.0,197430000.0,5200000.0,Rusia
159,Estrella Roja de Belgrado,2022,Primera categoría,1.0,82.0,30.0,81.0,14.0,74930000.0,1780000.0,Serbia
59358,Zeleznicar Pancevo,2023,Primera categoría,15.0,26.0,30.0,34.0,60.0,11150000.0,286000.0,Serbia
6622,FK Mladost Lucani,2021,Primera categoría,9.0,36.0,30.0,38.0,44.0,6650000.0,151000.0,Serbia
6356,Mamelodi Sundowns FC,2022,Primera categoría,1.0,70.0,30.0,52.0,13.0,28100000.0,639000.0,Sudáfrica
26,FC Basilea,2022,Primera categoría,5.0,47.0,36.0,51.0,50.0,63600000.0,1480000.0,Suiza
434,FC Lucerna,2023,Primera categoría,1.0,44.0,33.0,41.0,46.0,31300000.0,869000.0,Suiza
11688,Giresunspor,2020,Segunda categoría,2.0,70.0,34.0,54.0,25.0,9880000.0,290000.0,Turquía
1467,Göztepe,2020,Primera categoría,10.0,51.0,40.0,59.0,59.0,37530000.0,893000.0,Turquía
19789,Yeni Malatyaspor,2021,Primera categoría,20.0,20.0,38.0,27.0,71.0,20380000.0,416000.0,Turquía
20,Bursaspor,2020,Segunda categoría,10.0,46.0,34.0,56.0,57.0,12430000.0,289000.0,Turquía
20,Bursaspor,2021,Segunda categoría,16.0,44.0,36.0,43.0,53.0,10850000.0,190000.0,Turquía
3209,Pendikspor,2022,Segunda categoría,3.0,67.0,36.0,65.0,36.0,6980000.0,184000.0,Turquía
36,Fenerbahce,2021,Primera categoría,2.0,73.0,38.0,73.0,38.0,152130000.0,3460000.0,Turquía
3840,Adana Demirspor,2020,Segunda categoría,1.0,70.0,34.0,64.0,27.0,15600000.0,355000.0,Turquía
3840,Adana Demirspor,2021,Primera categoría,9.0,55.0,38.0,60.0,47.0,46000000.0,1120000.0,Turquía
6630,Sanliurfaspor,2023,Segunda categoría,15.0,38.0,34.0,32.0,37.0,6990000.0,159000.0,Turquía
6646,Fatih Karagümrük,2020,Primera categoría,8.0,60.0,40.0,64.0,52.0,38450000.0,874000.0,Turquía
18303,FK Oleksandriya,2020,Primera categoría,8.0,29.0,26.0,33.0,37.0,11880000.0,313000.0,Ucrania
18303,FK Oleksandriya,2021,Primera categoría,6.0,26.0,18.0,19.0,16.0,12080000.0,326000.0,Ucrania
83678,Metalist Kharkiv,2020,,,,,,,3580000.0,105000.0,Ucrania
83678,Metalist Kharkiv,2021,Segunda categoría,1.0,53.0,20.0,52.0,9.0,11460000.0,310000.0,Ucrania
10632,CA Rentistas,2020,Primera categoría,2.0,28.0,15.0,26.0,15.0,6700000.0,181000.0,Uruguay
10632,CA Rentistas,2021,,,,,,,8230000.0,235000.0,Uruguay
10663,Liverpool FC Montevideo,2020,Primera categoría,9.0,19.0,15.0,22.0,25.0,5550000.0,146000.0,Uruguay
10663,Liverpool FC Montevideo,2022,Primera categoría,1.0,32.0,15.0,21.0,8.0,5880000.0,159000.0,Uruguay
10663,Liverpool FC Montevideo,2023,,,,,,,11700000.0,225000.0,Uruguay
1306,Danubio FC,2021,Segunda categoría,2.0,41.0,22.0,24.0,14.0,5030000.0,136000.0,Uruguay
1306,Danubio FC,2022,Primera categoría,6.0,24.0,15.0,13.0,9.0,5330000.0,130000.0,Uruguay
1306,Danubio FC,2023,Primera categoría,12.0,15.0,15.0,20.0,19.0,8279999.999999999,148000.0,Uruguay
14758,Racing Club de Montevideo,2022,,,,,,,4430000.0,126000.0,Uruguay
14758,Racing Club de Montevideo,2023,Primera categoría,13.0,15.0,15.0,13.0,17.0,9630000.0,196000.0,Uruguay
17428,CA Juventud,2022,,,,,,,2930000.0,79000.0,Uruguay
17428,CA Juventud,2023,Segunda categoría,4.0,51.0,26.0,38.0,30.0,2630000.0,63000.0,Uruguay
1806,IA Sud América ,2020,Segunda categoría,6.0,28.0,22.0,30.0,33.0,3300000.0,92000.0,Uruguay
1806,IA Sud América ,2021,Primera categoría,10.0,18.0,15.0,15.0,22.0,5530000.0,145000.0,Uruguay
1806,IA Sud América ,2022,,,,,,,3330000.0,111000.0,Uruguay
1806,IA Sud América ,2023,Segunda categoría,13.0,26.0,26.0,26.0,45.0,4330000.0,124000.0,Uruguay
18074,CA Boston River,2020,Primera categoría,16.0,13.0,15.0,14.0,21.0,6350000.0,151000.0,Uruguay
18074,CA Boston River,2021,Primera categoría,13.0,14.0,15.0,14.0,19.0,4000000.0,98000.0,Uruguay
18074,CA Boston River,2022,Primera categoría,4.0,27.0,15.0,20.0,16.0,6400000.0,178000.0,Uruguay
18074,CA Boston River,2023,,,,,,,10350000.0,211000.0,Uruguay
18075,Club Deportivo Maldonado,2020,Primera categoría,8.0,20.0,15.0,16.0,20.0,7950000.0,204000.0,Uruguay
18075,Club Deportivo Maldonado,2021,Primera categoría,14.0,14.0,15.0,11.0,22.0,7880000.0,225000.0,Uruguay
18075,Club Deportivo Maldonado,2023,,,,,,,10000000.0,217000.0,Uruguay
18077,CS Cerrito,2021,Primera categoría,9.0,19.0,15.0,14.0,15.0,4900000.0,148000.0,Uruguay
18077,CS Cerrito,2022,Primera categoría,16.0,8.0,15.0,9.0,22.0,4800000.0,114000.0,Uruguay
18122,CA Atenas de San Carlos,2022,,,,,,,7500000.0,163000.0,Uruguay
20189,Cerro Largo FC,2020,,,,,,,5830000.0,157000.0,Uruguay
20189,Cerro Largo FC,2021,Primera categoría,8.0,20.0,15.0,20.0,22.0,6650000.0,151000.0,Uruguay
20189,Cerro Largo FC,2022,Primera categoría,14.0,12.0,15.0,7.0,23.0,5400000.0,115000.0,Uruguay
2403,Montevideo Wanderers,2021,,,,,,,9250000.0,215000.0,Uruguay
2403,Montevideo Wanderers,2022,Primera categoría,9.0,21.0,15.0,16.0,11.0,5130000.0,139000.0,Uruguay
2419,CA River Plate Montevideo,2021,Primera categoría,12.0,16.0,15.0,18.0,22.0,6600000.0,206000.0,Uruguay
2619,Defensor Sporting Club,2021,Segunda categoría,4.0,37.0,22.0,33.0,21.0,5030000.0,123000.0,Uruguay
2619,Defensor Sporting Club,2022,Primera categoría,10.0,20.0,15.0,14.0,16.0,5780000.0,144000.0,Uruguay
2619,Defensor Sporting Club,2023,Primera categoría,3.0,25.0,15.0,27.0,14.0,11930000.0,254000.0,Uruguay
37535,Montevideo City Torque,2020,Primera categoría,3.0,25.0,15.0,21.0,16.0,4880000.0,139000.0,Uruguay
37535,Montevideo City Torque,2021,Primera categoría,6.0,25.0,15.0,26.0,19.0,7500000.0,208000.0,Uruguay
37535,Montevideo City Torque,2022,,,,,,,10500000.0,198000.0,Uruguay
37535,Montevideo City Torque,2023,Primera categoría,14.0,14.0,15.0,15.0,24.0,16399999.999999998,309000.0,Uruguay
3829,CA Fénix,2022,Primera categoría,7.0,23.0,15.0,15.0,16.0,5230000.0,138000.0,Uruguay
3829,CA Fénix,2023,Primera categoría,16.0,12.0,15.0,11.0,23.0,7500000.0,142000.0,Uruguay
42149,Albion FC,2021,Segunda categoría,1.0,44.0,22.0,31.0,18.0,4030000.000000001,149000.0,Uruguay
6044,Club Plaza Colonia,2021,Primera categoría,1.0,36.0,15.0,20.0,7.0,4900000.0,129000.0,Uruguay
6044,Club Plaza Colonia,2022,,,,,,,5180000.0,148000.0,Uruguay
861,CA Peñarol,2020,,,,,,,17800000.0,424000.0,Uruguay
861,CA Peñarol,2021,Primera categoría,3.0,28.0,15.0,22.0,10.0,19330000.0,449000.0,Uruguay
861,CA Peñarol,2022,,,,,,,25850000.0,517000.0,Uruguay
861,CA Peñarol,2023,Primera categoría,1.0,34.0,15.0,25.0,11.0,44180000.0,762000.0,Uruguay
866,Club Nacional,2020,,,,,,,11550000.0,275000.0,Uruguay
866,Club Nacional,2021,,,,,,,12580000.0,314000.0,Uruguay
866,Club Nacional,2022,,,,,,,37630000.0,918000.0,Uruguay
866,Club Nacional,2023,,,,,,,39250000.0,727000.0,Uruguay
20591,Nasaf Qarshi,2022,Primera categoría,3.0,49.0,26.0,37.0,16.0,7700000.0,233000.0,Uzbekistán
13297,Deportivo Táchira,2022,Primera categoría,6.0,44.0,30.0,38.0,33.0,6100000.0,179000.0,Venezuela
13297,Deportivo Táchira,2023,Primera categoría,1.0,64.0,28.0,47.0,17.0,6050000.0,164000.0,Venezuela
14682,Carabobo FC,2021,,,,,,,2280000.0,65000.0,Venezuela
43146,Universidad Central de Venezuela,2022,Primera categoría,15.0,27.0,30.0,19.0,40.0,3200000.0,97000.0,Venezuela
43146,Universidad Central de Venezuela,2023,Primera categoría,13.0,27.0,28.0,27.0,36.0,4250000.0,97000.0,Venezuela
12180,CDM Leandro N. Alem,2022,,,,,,,,,
121967,Club Defensores del Barrio Nébel,2023,,,,,,,,,
12673,Club Sportivo Ben Hur,2022,,,,,,,,,
13339,CA Colegiales,2022,,,,,,,25000.0,1000.0,
13341,CSD Flandria,2020,,,,,,,1080000.0,43000.0,
14391,Cañuelas FC,2021,,,,,,,,,
14662,Club 12 de Octubre de Itauguá,2022,,,,,,,,,
15098,Boca Juniors U20,2022,,,,,,,625000.0,27000.0,
15098,Boca Juniors U20,2023,,,,,,,500000.0,25000.0,
18730,Club Fernando de la Mora,2022,,,,,,,,,
19124,Club Sportivo San Lorenzo,2022,,,,,,,,,
19310,LDU de Portoviejo,2020,,,,,,,,,
19517,CA Villa San Carlos,2020,,,,,,,250000.0,10000.0,
19529,CSD Merlo,2022,,,,,,,,,
19632,CA Excursionistas,2021,,,,,,,,,
19636,Deportivo Laferrere,2022,,,,,,,,,
20748,Trasandino de Los Andes,2021,,,,,,,,,
2124,River Plate Asunción,2020,Primera categoría,10.0,12.0,18.0,13.0,32.0,5100000.0,100000.0,
2124,River Plate Asunción,2021,,,,,,,,,
22501,CA Ituzaingó,2022,,,,,,,,,
25374,Sacachispas FC,2020,,,,,,,,,
25374,Sacachispas FC,2022,,,,,,,,,
25553,CD América de Quito,2023,,,,,,,,,
28609,Deportivo Capiatá,2021,,,,,,,,,
29175,Resistencia Sport Club,2021,Primera categoría,11.0,21.0,22.0,16.0,32.0,2880000.0,68000.0,
29175,Resistencia Sport Club,2022,Primera categoría,12.0,19.0,22.0,20.0,44.0,4680000.0,90000.0,
29175,Resistencia Sport Club,2023,,,,,,,,,
29397,AO Giouchtas,2022,,,,,,,,,
29423,CD Santaní,2023,,,,,,,,,
31553,CDS Juventud Unida (San Miguel),2022,,,,,,,,,
32585,Club Tijuana U20,2020,,,,,,,6300000.0,129000.0,
35297,Sportivo Carapeguá,2022,,,,,,,,,
35452,Thesprotos Igoumenitsas,2020,,,,,,,2220000.0,74000.0,
37339,OF Ierapetras,2020,Segunda categoría,12.0,13.0,22.0,17.0,32.0,4400000.0,116000.0,
3858,Deportivo Villa Española,2020,Primera categoría,16.0,9.0,15.0,14.0,26.0,2330000.0,65000.0,
3858,Deportivo Villa Española,2021,,,,,,,3300000.0,72000.0,
441,Apollon Smyrnis,2021,Primera categoría,14.0,13.0,26.0,9.0,47.0,6800000.0,194000.0,
45352,Moralo CP,2021,,,,,,,425000.0,13000.0,
45560,CD UAI Urquiza,2020,,,,,,,,,
45560,CD UAI Urquiza,2022,,,,,,,,,
4585,Anagennisi Karditsas,2022,Segunda categoría,5.0,47.0,28.0,34.0,21.0,5040000.0,157000.0,
50260,Internacional de Madrid (-2023),2020,,,,,,,3550000.0,137000.0,
5208,CA Los Andes,2020,,,,,,,725000.0,35000.0,
5208,CA Los Andes,2022,,,,,,,175000.0,5000.0,
53221,Atlético San Luis U20,2020,,,,,,,12000000.0,255000.0,
60551,SK Dnipro-1,2021,Primera categoría,3.0,40.0,18.0,35.0,17.0,20380000.0,849000.0,
63181,Guaireña FC,2021,Primera categoría,8.0,23.0,22.0,21.0,26.0,7600000.0,217000.0,
63181,Guaireña FC,2022,Primera categoría,10.0,17.0,22.0,15.0,31.0,7640000.0,147000.0,
78591,Palmaflor del Trópico,2020,Primera categoría,9.0,40.0,30.0,42.0,45.0,1730000.0,49000.0,
8356,Club Villa Dálmine,2020,Segunda categoría,16.0,0.0,0.0,0.0,0.0,4250000.0,82000.0,
8356,Club Villa Dálmine,2021,Segunda categoría,31.0,38.0,36.0,36.0,48.0,1580000.0,44000.0,
8356,Club Villa Dálmine,2023,,,,,,,,,
89605,Club Atletico Carcarañá,2021,,,,,,,,,
92982,FADEP,2020,,,,,,,,,
9854,CD Olmedo,2020,Primera categoría,16.0,9.0,15.0,13.0,27.0,6230000.0,195000.0,
